{
  "Regime": 0.20007064479851283,
  "Vol": 0.06932873193683137,
  "Structure": 0.06929002243923864,
  "Event": 0.22777777777777777,
  "Execution": 0.4335328230476394
}