{
  "generated_at": "2026-03-06T15:43:00.396494+00:00",
  "config_hash": "fa30c8a58b833c6f52307c8c1d1c27e30a47c71ab53f4cea788acc2bff3388bc",
  "n_batches": 10,
  "paths_per_batch": 500,
  "n_total_paths": 5000,
  "base_seed": 3019,
  "crn_scope": "same_model_same_structure_friction_only",
  "assumptions": {
    "model": "jump",
    "spot": 674.05,
    "r": 0.03,
    "q": 0.0,
    "expiry_years": 0.019178082191780823,
    "n_paths": 5000,
    "n_batches": 10,
    "paths_per_batch": 500,
    "dt": 0.0006849315068493151,
    "seed": 3019,
    "strategy": "put_diagonal",
    "legs": [
      {
        "side": "short",
        "option_type": "put",
        "strike": 674,
        "qty": 1,
        "expiry_years": 0.0076712328767123295
      },
      {
        "side": "long",
        "option_type": "put",
        "strike": 671,
        "qty": 1,
        "expiry_years": 0.019178082191780823
      }
    ],
    "snapshot_file": null,
    "event_risk_high": false
  },
  "randomness_policy": {
    "comparison_mode": "paired",
    "base_seed": 3019,
    "sensitivity_seed": 3019,
    "crn_scope": "same_model_same_structure_friction_only",
    "cross_model_or_cross_structure": "unpaired_independent_seeds_required"
  },
  "calibration": {
    "iv_atm": 0.25,
    "skew": -0.25,
    "curv": 0.1,
    "term": 0.0,
    "rv10": null,
    "rv20": null,
    "jump": {
      "mu": 0.03,
      "sigma": 0.25,
      "jump_lambda": 0.25,
      "jump_mu": -0.06,
      "jump_sigma": 0.2
    }
  },
  "regime_distribution": {
    "mean_revert|vol_expanding": 0.21,
    "trend|vol_contracting": 0.19666666666666666,
    "trend|vol_expanding": 0.14666666666666667,
    "mean_revert|vol_contracting": 0.44666666666666666,
    "dominant": "mean_revert|vol_contracting"
  },
  "stress": {
    "spread_bps": 30.0,
    "slippage_bps": 8.0,
    "partial_fill_prob": 0.1
  },
  "metrics": {
    "ev": 0.2903118748003438,
    "pop": 0.64,
    "pot": 1.0,
    "profit_factor": 1.5820438378815773,
    "avg_win": 1.2329561868338021,
    "avg_loss": -1.3855002354813597,
    "expectancy": 0.2903118748003439,
    "var95": -1.6863561492851182,
    "cvar95": -1.6953151296538744,
    "tail_p1": -1.699882019501783,
    "min_pl": -1.7206386178516189,
    "max_pl": 1.34582167046949
  },
  "multi_seed_confidence": {
    "n_batches": 10,
    "paths_per_batch": 500,
    "n_total_paths": 5000,
    "ev_mean": 0.2450394029090639,
    "ev_std": 0.07160046782380829,
    "ev_5th_percentile": 0.11446825136247582,
    "pop_mean": 0.6249999999999999,
    "cvar_mean": -1.6949676414957833,
    "cvar_worst": -1.756319106781134
  },
  "distribution_percentiles": {
    "p1": -1.699882019501783,
    "p5": -1.6863561492851182,
    "p10": -1.6797531180177727,
    "p25": -1.5442353449788753,
    "p50": 1.3399977340548808,
    "p75": 1.34582167046949,
    "p90": 1.34582167046949,
    "p95": 1.34582167046949,
    "p99": 1.34582167046949
  },
  "sensitivity": {
    "wide_spread_slippage_ev": 0.21175850954036832,
    "wide_spread_slippage_pop": 0.6232,
    "wide_spread_slippage_cvar95": -1.7509160047341052,
    "ev_delta_real_to_stress": -0.03328089336869558
  },
  "friction_hurdle": {
    "ev_mid": 0.27775283647802385,
    "ev_real": 0.2450394029090639,
    "ev_stress": 0.21175850954036832,
    "delta_ev_real": -0.03271343356895995,
    "delta_ev_stress": -0.06599432693765553,
    "ev_mid_R": 0.1614242721256743,
    "ev_real_R": 0.1424118930999113,
    "ev_stress_R": 0.12306971803571919
  },
  "breakevens": [],
  "edge_attribution": {
    "iv_rich_vs_rv": null,
    "mean_reversion_regime_probability": 0.44666666666666666,
    "structure_expected_move_match": 0.0,
    "signals_present": 2,
    "signals_pass": 1,
    "thresholds": {
      "regime_prob_min": 0.2,
      "structure_match_min": 0.05,
      "min_signals_pass": 2
    },
    "explainable": false
  },
  "gates": {
    "regime": "mean_revert|vol_contracting",
    "ev_threshold_R": 0.05,
    "cvar_threshold_R": -1.0,
    "ev_gate": true,
    "ev_ci_gate": true,
    "cvar_gate": true,
    "cvar_worst_gate": false,
    "pop_or_pot": true,
    "slippage_sensitivity_ok": true,
    "stress_ev_not_catastrophic": true,
    "allow_trade": false
  }
}