{
  "assumptions": {
    "model": "heston",
    "spot": 689.81,
    "r": 0.03,
    "q": 0.0,
    "expiry_years": 0.0136986301369863,
    "n_paths": 5000,
    "dt": 0.0006849315068493151,
    "seed": 42,
    "strategy": "put_debit_spread",
    "legs": [
      {
        "side": "long",
        "option_type": "put",
        "strike": 690,
        "qty": 1,
        "expiry_years": null
      },
      {
        "side": "short",
        "option_type": "put",
        "strike": 688,
        "qty": 1,
        "expiry_years": null
      }
    ],
    "snapshot_file": "experiments/chain_snapshot_example.json",
    "event_risk_high": true
  },
  "randomness_policy": {
    "base_seed": 42,
    "sensitivity_seed": 42,
    "crn_scope": "same_model_same_structure_friction_only",
    "cross_model_or_cross_structure": "independent_seeds_required"
  },
  "calibration": {
    "iv_atm": 0.40202483819014906,
    "skew": -1.9143826584121355,
    "curv": -709.4413360741239,
    "term": 0.0,
    "rv10": null,
    "rv20": null,
    "jump": {
      "mu": 0.03,
      "sigma": 0.40202483819014906,
      "jump_lambda": 0.25,
      "jump_mu": -0.06,
      "jump_sigma": 0.2
    }
  },
  "regime_distribution": {
    "mean_revert|vol_contracting": 1.0,
    "dominant": "mean_revert|vol_contracting"
  },
  "stress": {
    "spread_bps": 30.0,
    "slippage_bps": 8.0,
    "partial_fill_prob": 0.1
  },
  "metrics": {
    "ev": 0.07321736063511118,
    "pop": 0.5584,
    "pot": 0.4014,
    "profit_factor": 1.1622297902611698,
    "avg_win": 0.939355658849502,
    "avg_loss": -1.0220082410925067,
    "expectancy": 0.07321736063511103,
    "var95": -1.0281680676299216,
    "cvar95": -1.028940306230366,
    "tail_p1": -1.0287879134695337,
    "min_pl": -1.036418542141591,
    "max_pl": 0.9612206611994252
  },
  "distribution_percentiles": {
    "p1": -1.0287879134695337,
    "p5": -1.0281680676299216,
    "p10": -1.0205502389578647,
    "p25": -1.0205438389578645,
    "p50": 0.9173914499694025,
    "p75": 0.9464494318712393,
    "p90": 0.9561589532522826,
    "p95": 0.9586935017772878,
    "p99": 0.9608148912898721
  },
  "sensitivity": {
    "wide_spread_slippage_ev": 0.0466314329555644,
    "wide_spread_slippage_pop": 0.574,
    "wide_spread_slippage_cvar95": -1.0777260589781423,
    "ev_delta": -0.026585927679546782
  },
  "breakevens": [
    688.9779917589075
  ],
  "edge_attribution": {
    "iv_rich_vs_rv": null,
    "mean_reversion_regime_probability": 1.0,
    "structure_expected_move_match": 0.025633427844580114,
    "explainable": false
  },
  "gates": {
    "regime": "mean_revert|vol_contracting",
    "ev_threshold_R": 0.05,
    "cvar_threshold_R": -1.0,
    "ev_gate": true,
    "cvar_gate": true,
    "pop_or_pot": false,
    "slippage_sensitivity_ok": true,
    "allow_trade": false
  }
}