{
  "generated_at": "2026-03-05T05:42:57.167285+00:00",
  "config_hash": "8829fcad5c64792c18d2f91f7a71df9d8ca626e1125a30810bc1ec59239e59ed",
  "n_batches": 10,
  "paths_per_batch": 500,
  "n_total_paths": 5000,
  "base_seed": 3019,
  "crn_scope": "same_model_same_structure_friction_only",
  "assumptions": {
    "model": "jump",
    "spot": 686.955,
    "r": 0.03,
    "q": 0.0,
    "expiry_years": 0.019178082191780823,
    "n_paths": 5000,
    "n_batches": 10,
    "paths_per_batch": 500,
    "dt": 0.0006849315068493151,
    "seed": 3019,
    "strategy": "put_diagonal",
    "legs": [
      {
        "side": "short",
        "option_type": "put",
        "strike": 687,
        "qty": 1,
        "expiry_years": 0.0076712328767123295
      },
      {
        "side": "long",
        "option_type": "put",
        "strike": 684,
        "qty": 1,
        "expiry_years": 0.019178082191780823
      }
    ],
    "snapshot_file": null,
    "event_risk_high": false
  },
  "randomness_policy": {
    "comparison_mode": "paired",
    "base_seed": 3019,
    "sensitivity_seed": 3019,
    "crn_scope": "same_model_same_structure_friction_only",
    "cross_model_or_cross_structure": "unpaired_independent_seeds_required"
  },
  "calibration": {
    "iv_atm": 0.25,
    "skew": -0.25,
    "curv": 0.1,
    "term": 0.0,
    "rv10": null,
    "rv20": null,
    "jump": {
      "mu": 0.03,
      "sigma": 0.25,
      "jump_lambda": 0.25,
      "jump_mu": -0.06,
      "jump_sigma": 0.2
    }
  },
  "regime_distribution": {
    "mean_revert|vol_expanding": 0.21,
    "trend|vol_contracting": 0.19666666666666666,
    "trend|vol_expanding": 0.14666666666666667,
    "mean_revert|vol_contracting": 0.44666666666666666,
    "dominant": "mean_revert|vol_contracting"
  },
  "stress": {
    "spread_bps": 30.0,
    "slippage_bps": 8.0,
    "partial_fill_prob": 0.1
  },
  "metrics": {
    "ev": 0.26761343010430744,
    "pop": 0.634,
    "pot": 1.0,
    "profit_factor": 1.5218917081295866,
    "avg_win": 1.2308978149666145,
    "avg_loss": -1.4010267338375035,
    "expectancy": 0.26761343010430727,
    "var95": -1.6822299587462475,
    "cvar95": -1.6913898673129655,
    "tail_p1": -1.696058118148155,
    "min_pl": -1.7171986358998375,
    "max_pl": 1.3510418550055214
  },
  "multi_seed_confidence": {
    "n_batches": 10,
    "paths_per_batch": 500,
    "n_total_paths": 5000,
    "ev_mean": 0.21924569436774605,
    "ev_std": 0.0728329647510893,
    "ev_5th_percentile": 0.08603606977172987,
    "pop_mean": 0.6170000000000001,
    "cvar_mean": -1.6910311471783566,
    "cvar_worst": -1.7542149058801142
  },
  "distribution_percentiles": {
    "p1": -1.696058118148155,
    "p5": -1.6822299587462475,
    "p10": -1.6751746915708072,
    "p25": -1.6211804086626493,
    "p50": 1.3426550946680278,
    "p75": 1.3510418550055214,
    "p90": 1.3510418550055214,
    "p95": 1.3510418550055214,
    "p99": 1.3510418550055214
  },
  "sensitivity": {
    "wide_spread_slippage_ev": 0.1849688795682078,
    "wide_spread_slippage_pop": 0.6144000000000001,
    "wide_spread_slippage_cvar95": -1.7487163148118892,
    "ev_delta_real_to_stress": -0.03427681479953826
  },
  "friction_hurdle": {
    "ev_mid": 0.25319762557538517,
    "ev_real": 0.21924569436774605,
    "ev_stress": 0.1849688795682078,
    "delta_ev_real": -0.03395193120763912,
    "delta_ev_stress": -0.06822874600717738,
    "ev_mid_R": 0.14744807052720832,
    "ev_real_R": 0.12767637347490557,
    "ev_stress_R": 0.10771548247316268
  },
  "breakevens": [],
  "edge_attribution": {
    "iv_rich_vs_rv": null,
    "mean_reversion_regime_probability": 0.44666666666666666,
    "structure_expected_move_match": 0.0,
    "signals_present": 2,
    "signals_pass": 1,
    "thresholds": {
      "regime_prob_min": 0.2,
      "structure_match_min": 0.05,
      "min_signals_pass": 2
    },
    "explainable": false
  },
  "gates": {
    "regime": "mean_revert|vol_contracting",
    "ev_threshold_R": 0.05,
    "cvar_threshold_R": -1.0,
    "ev_gate": true,
    "ev_ci_gate": true,
    "cvar_gate": true,
    "cvar_worst_gate": false,
    "pop_or_pot": true,
    "slippage_sensitivity_ok": true,
    "stress_ev_not_catastrophic": true,
    "allow_trade": false
  }
}