{
  "assumptions": {
    "model": "heston",
    "spot": 689.81,
    "r": 0.03,
    "q": 0.0,
    "expiry_years": 0.0027397260273972603,
    "n_paths": 5000,
    "n_batches": 10,
    "paths_per_batch": 2000,
    "dt": 0.0006849315068493151,
    "seed": 42,
    "strategy": "put_calendar",
    "legs": [
      {
        "side": "short",
        "option_type": "put",
        "strike": 690,
        "qty": 1,
        "expiry_years": 0.0027397260273972603
      },
      {
        "side": "long",
        "option_type": "put",
        "strike": 690,
        "qty": 1,
        "expiry_years": 0.0027397260273972603
      }
    ],
    "snapshot_file": "experiments/chain_snapshot_with_returns.json",
    "event_risk_high": false
  },
  "randomness_policy": {
    "comparison_mode": "paired",
    "base_seed": 42,
    "sensitivity_seed": 42,
    "crn_scope": "same_model_same_structure_friction_only",
    "cross_model_or_cross_structure": "unpaired_independent_seeds_required"
  },
  "calibration": {
    "iv_atm": 0.4322705098312481,
    "skew": -0.43916933137193687,
    "curv": 67.67670905079058,
    "term": -0.463687439258477,
    "rv10": 0.09009772472154888,
    "rv20": 0.09656992285385756,
    "jump": {
      "mu": 0.03,
      "sigma": 0.11258390648756153,
      "jump_lambda": 58.400000000000006,
      "jump_mu": -0.006,
      "jump_sigma": 0.01
    }
  },
  "regime_distribution": {
    "mean_revert|vol_contracting": 1.0,
    "dominant": "mean_revert|vol_contracting"
  },
  "stress": {
    "spread_bps": 30.0,
    "slippage_bps": 8.0,
    "partial_fill_prob": 0.1
  },
  "metrics": {
    "ev": -0.04305941898695822,
    "pop": 0.0,
    "pot": 0.0,
    "profit_factor": 0.0,
    "avg_win": 0.0,
    "avg_loss": -0.04305941898695822,
    "expectancy": -0.04305941898695822,
    "var95": -0.09228109485190075,
    "cvar95": -0.10770588878301136,
    "tail_p1": -0.11549153559234814,
    "min_pl": -0.1505663226960614,
    "max_pl": -0.02234414777624993
  },
  "multi_seed_confidence": {
    "n_batches": 10,
    "paths_per_batch": 2000,
    "ev_mean": -0.04208735415780467,
    "ev_std": 0.0005542107374094182,
    "ev_5th_percentile": -0.042992443133281086,
    "pop_mean": 0.0,
    "cvar_mean": -0.10524979381589464,
    "cvar_worst": -0.18949825548395968
  },
  "distribution_percentiles": {
    "p1": -0.11549153559234814,
    "p5": -0.09228109485190075,
    "p10": -0.07915789690009101,
    "p25": -0.05523750850483866,
    "p50": -0.0384651743940313,
    "p75": -0.022344147776249934,
    "p90": -0.02234414777624993,
    "p95": -0.02234414777624993,
    "p99": -0.02234414777624993
  },
  "sensitivity": {
    "wide_spread_slippage_ev": -0.07412348233256053,
    "wide_spread_slippage_pop": 0.0,
    "wide_spread_slippage_cvar95": -0.18427733455028156,
    "ev_delta_real_to_stress": -0.03203612817475585
  },
  "friction_hurdle": {
    "ev_mid": -0.01307190583492009,
    "ev_real": -0.04208735415780467,
    "ev_stress": -0.07412348233256053,
    "delta_ev_real": -0.029015448322884583,
    "delta_ev_stress": -0.06105157649764044,
    "ev_mid_R": -0.08681825790025774,
    "ev_real_R": -0.27952701111498696,
    "ev_stress_R": -0.49229788577747796
  },
  "breakevens": [],
  "edge_attribution": {
    "iv_rich_vs_rv": 0.3357005869773905,
    "mean_reversion_regime_probability": 1.0,
    "structure_expected_move_match": 0.0,
    "explainable": false
  },
  "gates": {
    "regime": "mean_revert|vol_contracting",
    "ev_threshold_R": 0.05,
    "cvar_threshold_R": -1.0,
    "ev_gate": false,
    "ev_ci_gate": false,
    "cvar_gate": true,
    "cvar_worst_gate": false,
    "pop_or_pot": false,
    "slippage_sensitivity_ok": true,
    "stress_ev_not_catastrophic": true,
    "allow_trade": false
  }
}