{
  "generated_at": "2026-03-06T00:12:58.082388+00:00",
  "config_hash": "f571bc0bd9ffcb5cd9e90210143a6bce987f4a8180358a6fe9aa69cb6444854e",
  "n_batches": 10,
  "paths_per_batch": 500,
  "n_total_paths": 5000,
  "base_seed": 3019,
  "crn_scope": "same_model_same_structure_friction_only",
  "assumptions": {
    "model": "jump",
    "spot": 682.095,
    "r": 0.03,
    "q": 0.0,
    "expiry_years": 0.019178082191780823,
    "n_paths": 5000,
    "n_batches": 10,
    "paths_per_batch": 500,
    "dt": 0.0006849315068493151,
    "seed": 3019,
    "strategy": "put_diagonal",
    "legs": [
      {
        "side": "short",
        "option_type": "put",
        "strike": 682,
        "qty": 1,
        "expiry_years": 0.0076712328767123295
      },
      {
        "side": "long",
        "option_type": "put",
        "strike": 679,
        "qty": 1,
        "expiry_years": 0.019178082191780823
      }
    ],
    "snapshot_file": null,
    "event_risk_high": false
  },
  "randomness_policy": {
    "comparison_mode": "paired",
    "base_seed": 3019,
    "sensitivity_seed": 3019,
    "crn_scope": "same_model_same_structure_friction_only",
    "cross_model_or_cross_structure": "unpaired_independent_seeds_required"
  },
  "calibration": {
    "iv_atm": 0.25,
    "skew": -0.25,
    "curv": 0.1,
    "term": 0.0,
    "rv10": null,
    "rv20": null,
    "jump": {
      "mu": 0.03,
      "sigma": 0.25,
      "jump_lambda": 0.25,
      "jump_mu": -0.06,
      "jump_sigma": 0.2
    }
  },
  "regime_distribution": {
    "mean_revert|vol_expanding": 0.21,
    "trend|vol_contracting": 0.19666666666666666,
    "trend|vol_expanding": 0.14666666666666667,
    "mean_revert|vol_contracting": 0.44666666666666666,
    "dominant": "mean_revert|vol_contracting"
  },
  "stress": {
    "spread_bps": 30.0,
    "slippage_bps": 8.0,
    "partial_fill_prob": 0.1
  },
  "metrics": {
    "ev": 0.29477823945799775,
    "pop": 0.646,
    "pot": 1.0,
    "profit_factor": 1.5927322449809946,
    "avg_win": 1.2261599352389623,
    "avg_loss": -1.4048618042552876,
    "expectancy": 0.29477823945799786,
    "var95": -1.6882963931628625,
    "cvar95": -1.6973571731895385,
    "tail_p1": -1.7019812776604424,
    "min_pl": -1.7229742523295002,
    "max_pl": 1.3440839978348902
  },
  "multi_seed_confidence": {
    "n_batches": 10,
    "paths_per_batch": 500,
    "n_total_paths": 5000,
    "ev_mean": 0.25002497353338227,
    "ev_std": 0.07140538436583306,
    "ev_5th_percentile": 0.11994154139028151,
    "pop_mean": 0.6272,
    "cvar_mean": -1.697000975350758,
    "cvar_worst": -1.7589446121192447
  },
  "distribution_percentiles": {
    "p1": -1.7019812776604424,
    "p5": -1.6882963931628625,
    "p10": -1.6815677719736917,
    "p25": -1.5382102047704995,
    "p50": 1.3382044087908604,
    "p75": 1.3440839978348902,
    "p90": 1.3440839978348902,
    "p95": 1.3440839978348902,
    "p99": 1.3440839978348902
  },
  "sensitivity": {
    "wide_spread_slippage_ev": 0.2164223049227117,
    "wide_spread_slippage_pop": 0.6247999999999999,
    "wide_spread_slippage_cvar95": -1.7534782758014384,
    "ev_delta_real_to_stress": -0.03360266861067057
  },
  "friction_hurdle": {
    "ev_mid": 0.283169335994587,
    "ev_real": 0.25002497353338227,
    "ev_stress": 0.2164223049227117,
    "delta_ev_real": -0.033144362461204724,
    "delta_ev_stress": -0.0667470310718753,
    "ev_mid_R": 0.16434913964137052,
    "ev_real_R": 0.1451124259084794,
    "ev_stress_R": 0.12560971507850674
  },
  "breakevens": [],
  "edge_attribution": {
    "iv_rich_vs_rv": null,
    "mean_reversion_regime_probability": 0.44666666666666666,
    "structure_expected_move_match": 0.0,
    "signals_present": 2,
    "signals_pass": 1,
    "thresholds": {
      "regime_prob_min": 0.2,
      "structure_match_min": 0.05,
      "min_signals_pass": 2
    },
    "explainable": false
  },
  "gates": {
    "regime": "mean_revert|vol_contracting",
    "ev_threshold_R": 0.05,
    "cvar_threshold_R": -1.0,
    "ev_gate": true,
    "ev_ci_gate": true,
    "cvar_gate": true,
    "cvar_worst_gate": false,
    "pop_or_pot": true,
    "slippage_sensitivity_ok": true,
    "stress_ev_not_catastrophic": true,
    "allow_trade": false
  }
}