{
  "assumptions": {
    "model": "jump",
    "spot": 686.355,
    "r": 0.03,
    "q": 0.0,
    "expiry_years": 0.019178082191780823,
    "n_paths": 5000,
    "n_batches": 10,
    "paths_per_batch": 500,
    "dt": 0.0006849315068493151,
    "seed": 3019,
    "strategy": "put_diagonal",
    "legs": [
      {
        "side": "short",
        "option_type": "put",
        "strike": 686,
        "qty": 1,
        "expiry_years": 0.0076712328767123295
      },
      {
        "side": "long",
        "option_type": "put",
        "strike": 683,
        "qty": 1,
        "expiry_years": 0.019178082191780823
      }
    ],
    "snapshot_file": null,
    "event_risk_high": false
  },
  "randomness_policy": {
    "comparison_mode": "paired",
    "base_seed": 3019,
    "sensitivity_seed": 3019,
    "crn_scope": "same_model_same_structure_friction_only",
    "cross_model_or_cross_structure": "unpaired_independent_seeds_required"
  },
  "calibration": {
    "iv_atm": 0.25,
    "skew": -0.25,
    "curv": 0.1,
    "term": 0.0,
    "rv10": null,
    "rv20": null,
    "jump": {
      "mu": 0.03,
      "sigma": 0.25,
      "jump_lambda": 0.25,
      "jump_mu": -0.06,
      "jump_sigma": 0.2
    }
  },
  "regime_distribution": {
    "mean_revert|vol_expanding": 0.21,
    "trend|vol_contracting": 0.19666666666666666,
    "trend|vol_expanding": 0.14666666666666667,
    "mean_revert|vol_contracting": 0.44666666666666666,
    "dominant": "mean_revert|vol_contracting"
  },
  "stress": {
    "spread_bps": 30.0,
    "slippage_bps": 8.0,
    "partial_fill_prob": 0.1
  },
  "metrics": {
    "ev": 0.338267658759999,
    "pop": 0.66,
    "pot": 1.0,
    "profit_factor": 1.7152676041485306,
    "avg_win": 1.2290792078482031,
    "avg_loss": -1.3909547600582792,
    "expectancy": 0.33826765875999926,
    "var95": -1.6995153588231209,
    "cvar95": -1.7085867673298656,
    "tail_p1": -1.713173297301393,
    "min_pl": -1.7343297080708853,
    "max_pl": 1.3318859089625632
  },
  "multi_seed_confidence": {
    "n_batches": 10,
    "paths_per_batch": 500,
    "n_total_paths": 5000,
    "ev_mean": 0.29964004444692194,
    "ev_std": 0.06915790075228373,
    "ev_5th_percentile": 0.17516957011154016,
    "pop_mean": 0.649,
    "cvar_mean": -1.7082221111787024,
    "cvar_worst": -1.7692261002572958
  },
  "distribution_percentiles": {
    "p1": -1.713173297301393,
    "p5": -1.6995153588231209,
    "p10": -1.6930744923695022,
    "p25": -1.3220174558285867,
    "p50": 1.3260561283775263,
    "p75": 1.3318859089625632,
    "p90": 1.3318859089625632,
    "p95": 1.3318859089625632,
    "p99": 1.3318859089625632
  },
  "sensitivity": {
    "wide_spread_slippage_ev": 0.26652802933686626,
    "wide_spread_slippage_pop": 0.6458,
    "wide_spread_slippage_cvar95": -1.763718765086039,
    "ev_delta_real_to_stress": -0.03311201511005568
  },
  "friction_hurdle": {
    "ev_mid": 0.33225686624176887,
    "ev_real": 0.29964004444692194,
    "ev_stress": 0.26652802933686626,
    "delta_ev_real": -0.03261682179484693,
    "delta_ev_stress": -0.06572883690490261,
    "ev_mid_R": 0.19157652936207958,
    "ev_real_R": 0.17276994279260485,
    "ev_stress_R": 0.1536778319004455
  },
  "breakevens": [],
  "edge_attribution": {
    "iv_rich_vs_rv": null,
    "mean_reversion_regime_probability": 0.44666666666666666,
    "structure_expected_move_match": 0.0,
    "signals_present": 2,
    "signals_pass": 1,
    "thresholds": {
      "regime_prob_min": 0.2,
      "structure_match_min": 0.05,
      "min_signals_pass": 2
    },
    "explainable": false
  },
  "gates": {
    "regime": "mean_revert|vol_contracting",
    "ev_threshold_R": 0.05,
    "cvar_threshold_R": -1.0,
    "ev_gate": true,
    "ev_ci_gate": true,
    "cvar_gate": true,
    "cvar_worst_gate": false,
    "pop_or_pot": true,
    "slippage_sensitivity_ok": true,
    "stress_ev_not_catastrophic": true,
    "allow_trade": false
  }
}