{
  "assumptions": {
    "model": "jump",
    "spot": 690.0,
    "r": 0.03,
    "q": 0.0,
    "expiry_years": 0.0136986301369863,
    "n_paths": 5000,
    "n_batches": 5,
    "paths_per_batch": 400,
    "dt": 0.0006849315068493151,
    "seed": 2004,
    "strategy": "iron_fly",
    "legs": [
      {
        "side": "short",
        "option_type": "call",
        "strike": 690,
        "qty": 1,
        "expiry_years": null
      },
      {
        "side": "short",
        "option_type": "put",
        "strike": 690,
        "qty": 1,
        "expiry_years": null
      },
      {
        "side": "long",
        "option_type": "call",
        "strike": 697,
        "qty": 1,
        "expiry_years": null
      },
      {
        "side": "long",
        "option_type": "put",
        "strike": 683,
        "qty": 1,
        "expiry_years": null
      }
    ],
    "snapshot_file": null,
    "event_risk_high": false
  },
  "randomness_policy": {
    "comparison_mode": "paired",
    "base_seed": 2004,
    "sensitivity_seed": 2004,
    "crn_scope": "same_model_same_structure_friction_only",
    "cross_model_or_cross_structure": "unpaired_independent_seeds_required"
  },
  "calibration": {
    "iv_atm": 0.25,
    "skew": -0.25,
    "curv": 0.1,
    "term": 0.0,
    "rv10": null,
    "rv20": null,
    "jump": {
      "mu": 0.03,
      "sigma": 0.25,
      "jump_lambda": 0.25,
      "jump_mu": -0.06,
      "jump_sigma": 0.2
    }
  },
  "regime_distribution": {
    "mean_revert|vol_contracting": 1.0,
    "dominant": "mean_revert|vol_contracting"
  },
  "stress": {
    "spread_bps": 30.0,
    "slippage_bps": 8.0,
    "partial_fill_prob": 0.1
  },
  "metrics": {
    "ev": -0.04262632719358976,
    "pop": 0.2525,
    "pot": 0.0025,
    "profit_factor": 0.9468716543402762,
    "avg_win": 3.0087171016966945,
    "avg_loss": -1.0733476861163949,
    "expectancy": -0.04262632719358994,
    "var95": -1.1772690060031095,
    "cvar95": -1.2452566523275501,
    "tail_p1": -1.2453304141989225,
    "min_pl": -1.6660905571525122,
    "max_pl": 5.846071793298555
  },
  "multi_seed_confidence": {
    "n_batches": 5,
    "paths_per_batch": 400,
    "ev_mean": -0.09118411152433994,
    "ev_std": 0.10740812551518887,
    "ev_5th_percentile": -0.23659502832701418,
    "pop_mean": 0.2425,
    "cvar_mean": -1.2450350015176384,
    "cvar_worst": -1.4973612491448143
  },
  "distribution_percentiles": {
    "p1": -1.2453304141989225,
    "p5": -1.1772690060031095,
    "p10": -1.1598081920047227,
    "p25": -1.113237266926653,
    "p50": -1.0621507032808921,
    "p75": 0.14022882393913427,
    "p90": 3.2512133673270456,
    "p95": 4.6154883427552065,
    "p99": 5.673503608352256
  },
  "sensitivity": {
    "wide_spread_slippage_ev": -0.18369875965938523,
    "wide_spread_slippage_pop": 0.24050000000000002,
    "wide_spread_slippage_cvar95": -1.462297855836567,
    "ev_delta_real_to_stress": -0.09251464813504529
  },
  "friction_hurdle": {
    "ev_mid": 0.004748240577730924,
    "ev_real": -0.09118411152433994,
    "ev_stress": -0.18369875965938523,
    "delta_ev_real": -0.09593235210207086,
    "delta_ev_stress": -0.18844700023711616,
    "ev_mid_R": 0.0028499294695277927,
    "ev_real_R": -0.0547293849862406,
    "ev_stress_R": -0.11025736798685286
  },
  "breakevens": [
    688.9266523138836,
    691.0733476861164
  ],
  "edge_attribution": {
    "iv_rich_vs_rv": null,
    "mean_reversion_regime_probability": 1.0,
    "structure_expected_move_match": 0.05316340087076432,
    "explainable": false
  },
  "gates": {
    "regime": "mean_revert|vol_contracting",
    "ev_threshold_R": 0.05,
    "cvar_threshold_R": -1.0,
    "ev_gate": false,
    "ev_ci_gate": false,
    "cvar_gate": true,
    "cvar_worst_gate": true,
    "pop_or_pot": false,
    "slippage_sensitivity_ok": true,
    "stress_ev_not_catastrophic": true,
    "allow_trade": false
  }
}