{
  "assumptions": {
    "model": "jump",
    "spot": 682.92,
    "r": 0.03,
    "q": 0.0,
    "expiry_years": 0.07123287671232877,
    "n_paths": 5000,
    "n_batches": 4,
    "paths_per_batch": 400,
    "dt": 0.00209508460918614,
    "seed": 11,
    "strategy": "put_debit_spread",
    "legs": [
      {
        "side": "long",
        "option_type": "put",
        "strike": 683,
        "qty": 1,
        "expiry_years": null
      },
      {
        "side": "short",
        "option_type": "put",
        "strike": 681,
        "qty": 1,
        "expiry_years": null
      }
    ],
    "snapshot_file": "snapshots/spy_mc_snapshot_20260224.json",
    "event_risk_high": false
  },
  "randomness_policy": {
    "comparison_mode": "paired",
    "base_seed": 11,
    "sensitivity_seed": 11,
    "crn_scope": "same_model_same_structure_friction_only",
    "cross_model_or_cross_structure": "unpaired_independent_seeds_required"
  },
  "calibration": {
    "iv_atm": 0.19510896967482647,
    "skew": 0.011309538277646799,
    "curv": 6.447950056132601,
    "term": 0.052073584954025,
    "rv10": 0.1466850051739489,
    "rv20": 0.16594477577191283,
    "jump": {
      "mu": 0.03,
      "sigma": 0.14538502650882348,
      "jump_lambda": 23.86538461538462,
      "jump_mu": -0.005711059482233119,
      "jump_sigma": 0.017595225531969357
    }
  },
  "regime_distribution": {
    "mean_revert|vol_contracting": 0.38,
    "mean_revert|vol_expanding": 0.24666666666666667,
    "trend|vol_contracting": 0.18333333333333332,
    "trend|vol_expanding": 0.19,
    "dominant": "mean_revert|vol_contracting"
  },
  "stress": {
    "spread_bps": 20.0,
    "slippage_bps": 5.0,
    "partial_fill_prob": 0.05
  },
  "metrics": {
    "ev": -0.16428959131941034,
    "pop": 0.44,
    "pot": 0.44,
    "profit_factor": 0.7085223267212702,
    "avg_win": 0.9076232634369913,
    "avg_loss": -1.0065068343422972,
    "expectancy": -0.16428959131941034,
    "var95": -1.0061049596309002,
    "cvar95": -1.0095977263752474,
    "tail_p1": -1.011901586193921,
    "min_pl": -1.011901586193921,
    "max_pl": 0.9772584086945657
  },
  "multi_seed_confidence": {
    "n_batches": 4,
    "paths_per_batch": 400,
    "ev_mean": -0.24147610831100816,
    "ev_std": 0.051615121064301224,
    "ev_5th_percentile": -0.3003670094083783,
    "pop_mean": 0.400625,
    "cvar_mean": -1.0107648332332484,
    "cvar_worst": -1.047797443247225
  },
  "distribution_percentiles": {
    "p1": -1.011901586193921,
    "p5": -1.0061049596309002,
    "p10": -1.0061009596309,
    "p25": -1.0061009596309,
    "p50": -1.0061009596309,
    "p75": 0.9020849461889773,
    "p90": 0.9292772864213912,
    "p95": 0.9442838184267458,
    "p99": 0.9623841477457106
  },
  "sensitivity": {
    "wide_spread_slippage_ev": -0.3360505197700962,
    "wide_spread_slippage_pop": 0.38125000000000003,
    "wide_spread_slippage_cvar95": -1.0463912478091277,
    "ev_delta_real_to_stress": -0.09457441145908804
  },
  "friction_hurdle": {
    "ev_mid": -0.1378637087400284,
    "ev_real": -0.24147610831100816,
    "ev_stress": -0.3360505197700962,
    "delta_ev_real": -0.10361239957097976,
    "delta_ev_stress": -0.1981868110300678,
    "ev_mid_R": -0.1362422103305293,
    "ev_real_R": -0.2386359618421743,
    "ev_stress_R": -0.33209802648307685
  },
  "breakevens": [
    681.9934931656577
  ],
  "edge_attribution": {
    "iv_rich_vs_rv": 0.029164193902913638,
    "mean_reversion_regime_probability": 0.38,
    "structure_expected_move_match": 0.026053214691405202,
    "explainable": true
  },
  "gates": {
    "regime": "mean_revert|vol_contracting",
    "ev_threshold_R": 0.05,
    "cvar_threshold_R": -1.0,
    "ev_gate": false,
    "ev_ci_gate": false,
    "cvar_gate": true,
    "cvar_worst_gate": false,
    "pop_or_pot": false,
    "slippage_sensitivity_ok": true,
    "stress_ev_not_catastrophic": true,
    "allow_trade": false
  }
}