{
  "assumptions": {
    "model": "jump",
    "spot": 682.92,
    "r": 0.03,
    "q": 0.0,
    "expiry_years": 0.07123287671232877,
    "n_paths": 5000,
    "n_batches": 10,
    "paths_per_batch": 600,
    "dt": 0.00209508460918614,
    "seed": 42,
    "strategy": "iron_fly",
    "legs": [
      {
        "side": "short",
        "option_type": "call",
        "strike": 683,
        "qty": 1,
        "expiry_years": null
      },
      {
        "side": "short",
        "option_type": "put",
        "strike": 683,
        "qty": 1,
        "expiry_years": null
      },
      {
        "side": "long",
        "option_type": "call",
        "strike": 690,
        "qty": 1,
        "expiry_years": null
      },
      {
        "side": "long",
        "option_type": "put",
        "strike": 676,
        "qty": 1,
        "expiry_years": null
      }
    ],
    "snapshot_file": "snapshots/spy_mc_snapshot_20260224.json",
    "event_risk_high": false
  },
  "randomness_policy": {
    "comparison_mode": "paired",
    "base_seed": 42,
    "sensitivity_seed": 42,
    "crn_scope": "same_model_same_structure_friction_only",
    "cross_model_or_cross_structure": "unpaired_independent_seeds_required"
  },
  "calibration": {
    "iv_atm": 0.19510896967482647,
    "skew": 0.011309538277646799,
    "curv": 6.447950056132601,
    "term": 0.052073584954025,
    "rv10": 0.1466850051739489,
    "rv20": 0.16594477577191283,
    "jump": {
      "mu": 0.03,
      "sigma": 0.14538502650882348,
      "jump_lambda": 23.86538461538462,
      "jump_mu": -0.005711059482233119,
      "jump_sigma": 0.017595225531969357
    }
  },
  "regime_distribution": {
    "trend|vol_expanding": 0.13333333333333333,
    "mean_revert|vol_contracting": 0.4033333333333333,
    "trend|vol_contracting": 0.20666666666666667,
    "mean_revert|vol_expanding": 0.25666666666666665,
    "dominant": "mean_revert|vol_contracting"
  },
  "stress": {
    "spread_bps": 30.0,
    "slippage_bps": 8.0,
    "partial_fill_prob": 0.1
  },
  "metrics": {
    "ev": -0.3323783367449489,
    "pop": 0.14,
    "pot": 0.07166666666666667,
    "profit_factor": 0.5622274413253786,
    "avg_win": 3.0490755027461036,
    "avg_loss": -0.8828475664295389,
    "expectancy": -0.3323783367449489,
    "var95": -1.079757810862013,
    "cvar95": -1.2204246515991524,
    "tail_p1": -1.3199563083631574,
    "min_pl": -1.7409021132544407,
    "max_pl": 6.1683571320764905
  },
  "multi_seed_confidence": {
    "n_batches": 10,
    "paths_per_batch": 600,
    "ev_mean": -0.338103612820685,
    "ev_std": 0.03557878825215074,
    "ev_5th_percentile": -0.39708702912673743,
    "pop_mean": 0.13599999999999998,
    "cvar_mean": -1.2197355715931641,
    "cvar_worst": -1.7316559736924366
  },
  "distribution_percentiles": {
    "p1": -1.3199563083631574,
    "p5": -1.079757810862013,
    "p10": -1.0055683599608687,
    "p25": -0.9230430059774193,
    "p50": -0.8426144938700482,
    "p75": -0.7828133028700093,
    "p90": 1.4599611809332282,
    "p95": 4.059556083979152,
    "p99": 5.680070552229207
  },
  "sensitivity": {
    "wide_spread_slippage_ev": -0.5317047944392659,
    "wide_spread_slippage_pop": 0.13333333333333336,
    "wide_spread_slippage_cvar95": -1.6702293854877475,
    "ev_delta_real_to_stress": -0.19360118161858086
  },
  "friction_hurdle": {
    "ev_mid": -0.10895969466417729,
    "ev_real": -0.338103612820685,
    "ev_stress": -0.5317047944392659,
    "delta_ev_real": -0.22914391815650773,
    "delta_ev_stress": -0.42274509977508856,
    "ev_mid_R": -0.06258806502364923,
    "ev_real_R": -0.19421173094484587,
    "ev_stress_R": -0.3054191217249415
  },
  "breakevens": [
    682.1171524335705,
    683.8828475664295
  ],
  "edge_attribution": {
    "iv_rich_vs_rv": 0.029164193902913638,
    "mean_reversion_regime_probability": 0.4033333333333333,
    "structure_expected_move_match": 0.02257593709765604,
    "explainable": true
  },
  "gates": {
    "regime": "mean_revert|vol_contracting",
    "ev_threshold_R": 0.05,
    "cvar_threshold_R": -1.0,
    "ev_gate": false,
    "ev_ci_gate": false,
    "cvar_gate": true,
    "cvar_worst_gate": true,
    "pop_or_pot": false,
    "slippage_sensitivity_ok": true,
    "stress_ev_not_catastrophic": true,
    "allow_trade": false
  }
}