{
  "generated_at": "2026-03-05T20:30:23.505548+00:00",
  "config_hash": "e1a9c5790756cf2e30cc7b7e372459c84b9ffd4dea4354154f75b019e1529b53",
  "n_batches": 10,
  "paths_per_batch": 500,
  "n_total_paths": 5000,
  "base_seed": 3019,
  "crn_scope": "same_model_same_structure_friction_only",
  "assumptions": {
    "model": "jump",
    "spot": 678.6,
    "r": 0.03,
    "q": 0.0,
    "expiry_years": 0.019178082191780823,
    "n_paths": 5000,
    "n_batches": 10,
    "paths_per_batch": 500,
    "dt": 0.0006849315068493151,
    "seed": 3019,
    "strategy": "put_diagonal",
    "legs": [
      {
        "side": "short",
        "option_type": "put",
        "strike": 679,
        "qty": 1,
        "expiry_years": 0.0076712328767123295
      },
      {
        "side": "long",
        "option_type": "put",
        "strike": 676,
        "qty": 1,
        "expiry_years": 0.019178082191780823
      }
    ],
    "snapshot_file": null,
    "event_risk_high": false
  },
  "randomness_policy": {
    "comparison_mode": "paired",
    "base_seed": 3019,
    "sensitivity_seed": 3019,
    "crn_scope": "same_model_same_structure_friction_only",
    "cross_model_or_cross_structure": "unpaired_independent_seeds_required"
  },
  "calibration": {
    "iv_atm": 0.25,
    "skew": -0.25,
    "curv": 0.1,
    "term": 0.0,
    "rv10": null,
    "rv20": null,
    "jump": {
      "mu": 0.03,
      "sigma": 0.25,
      "jump_lambda": 0.25,
      "jump_mu": -0.06,
      "jump_sigma": 0.2
    }
  },
  "regime_distribution": {
    "mean_revert|vol_expanding": 0.21,
    "trend|vol_contracting": 0.19666666666666666,
    "trend|vol_expanding": 0.14666666666666667,
    "mean_revert|vol_contracting": 0.44666666666666666,
    "dominant": "mean_revert|vol_contracting"
  },
  "stress": {
    "spread_bps": 30.0,
    "slippage_bps": 8.0,
    "partial_fill_prob": 0.1
  },
  "metrics": {
    "ev": 0.20534245697946768,
    "pop": 0.606,
    "pot": 1.0,
    "profit_factor": 1.376447969559073,
    "avg_win": 1.2389705129668487,
    "avg_loss": -1.3844509489300576,
    "expectancy": 0.20534245697946762,
    "var95": -1.666606347105119,
    "cvar95": -1.6757300601488156,
    "tail_p1": -1.680357244846856,
    "min_pl": -1.7012612120731063,
    "max_pl": 1.3678731132497846
  },
  "multi_seed_confidence": {
    "n_batches": 10,
    "paths_per_batch": 500,
    "n_total_paths": 5000,
    "ev_mean": 0.15018860195371195,
    "ev_std": 0.07560368376097677,
    "ev_5th_percentile": 0.012302808381504934,
    "pop_mean": 0.5851999999999999,
    "cvar_mean": -1.675393253832527,
    "cvar_worst": -1.7395867785712236
  },
  "distribution_percentiles": {
    "p1": -1.680357244846856,
    "p5": -1.666606347105119,
    "p10": -1.659226234243464,
    "p25": -1.649608383413611,
    "p50": 1.2809462190752128,
    "p75": 1.3678731132497846,
    "p90": 1.3678731132497846,
    "p95": 1.3678731132497846,
    "p99": 1.3678731132497846
  },
  "sensitivity": {
    "wide_spread_slippage_ev": 0.1153316234897535,
    "wide_spread_slippage_pop": 0.5831999999999999,
    "wide_spread_slippage_cvar95": -1.7341652090762925,
    "ev_delta_real_to_stress": -0.03485697846395845
  },
  "friction_hurdle": {
    "ev_mid": 0.18473090954006888,
    "ev_real": 0.15018860195371195,
    "ev_stress": 0.1153316234897535,
    "delta_ev_real": -0.03454230758635693,
    "delta_ev_stress": -0.06939928605031538,
    "ev_mid_R": 0.10858468307460045,
    "ev_real_R": 0.08828074189189124,
    "ev_stress_R": 0.06779183741526312
  },
  "breakevens": [],
  "edge_attribution": {
    "iv_rich_vs_rv": null,
    "mean_reversion_regime_probability": 0.44666666666666666,
    "structure_expected_move_match": 0.0,
    "signals_present": 2,
    "signals_pass": 1,
    "thresholds": {
      "regime_prob_min": 0.2,
      "structure_match_min": 0.05,
      "min_signals_pass": 2
    },
    "explainable": false
  },
  "gates": {
    "regime": "mean_revert|vol_contracting",
    "ev_threshold_R": 0.05,
    "cvar_threshold_R": -1.0,
    "ev_gate": true,
    "ev_ci_gate": false,
    "cvar_gate": true,
    "cvar_worst_gate": false,
    "pop_or_pot": true,
    "slippage_sensitivity_ok": true,
    "stress_ev_not_catastrophic": true,
    "allow_trade": false
  }
}