{
  "generated_at": "2026-03-06T13:42:58.644641+00:00",
  "config_hash": "deeb78faa849f76ec7533a406e56f6e66996be93c2763007cbc3959053a59c9e",
  "n_batches": 10,
  "paths_per_batch": 500,
  "n_total_paths": 5000,
  "base_seed": 3019,
  "crn_scope": "same_model_same_structure_friction_only",
  "assumptions": {
    "model": "jump",
    "spot": 677.525,
    "r": 0.03,
    "q": 0.0,
    "expiry_years": 0.019178082191780823,
    "n_paths": 5000,
    "n_batches": 10,
    "paths_per_batch": 500,
    "dt": 0.0006849315068493151,
    "seed": 3019,
    "strategy": "put_diagonal",
    "legs": [
      {
        "side": "short",
        "option_type": "put",
        "strike": 678,
        "qty": 1,
        "expiry_years": 0.0076712328767123295
      },
      {
        "side": "long",
        "option_type": "put",
        "strike": 675,
        "qty": 1,
        "expiry_years": 0.019178082191780823
      }
    ],
    "snapshot_file": null,
    "event_risk_high": false
  },
  "randomness_policy": {
    "comparison_mode": "paired",
    "base_seed": 3019,
    "sensitivity_seed": 3019,
    "crn_scope": "same_model_same_structure_friction_only",
    "cross_model_or_cross_structure": "unpaired_independent_seeds_required"
  },
  "calibration": {
    "iv_atm": 0.25,
    "skew": -0.25,
    "curv": 0.1,
    "term": 0.0,
    "rv10": null,
    "rv20": null,
    "jump": {
      "mu": 0.03,
      "sigma": 0.25,
      "jump_lambda": 0.25,
      "jump_mu": -0.06,
      "jump_sigma": 0.2
    }
  },
  "regime_distribution": {
    "mean_revert|vol_expanding": 0.21,
    "trend|vol_contracting": 0.19666666666666666,
    "trend|vol_expanding": 0.14666666666666667,
    "mean_revert|vol_contracting": 0.44666666666666666,
    "dominant": "mean_revert|vol_contracting"
  },
  "stress": {
    "spread_bps": 30.0,
    "slippage_bps": 8.0,
    "partial_fill_prob": 0.1
  },
  "metrics": {
    "ev": 0.19131039940918368,
    "pop": 0.604,
    "pot": 1.0,
    "profit_factor": 1.3460381329682896,
    "avg_win": 1.23206903609208,
    "avg_loss": -1.396109339369779,
    "expectancy": 0.19131039940918393,
    "var95": -1.6632741569401106,
    "cvar95": -1.6723998504757192,
    "tail_p1": -1.6770236165672934,
    "min_pl": -1.6978980174930403,
    "max_pl": 1.3714955751159885
  },
  "multi_seed_confidence": {
    "n_batches": 10,
    "paths_per_batch": 500,
    "n_total_paths": 5000,
    "ev_mean": 0.13504939186285375,
    "ev_std": 0.07615015019148748,
    "ev_5th_percentile": -0.0035106911631646934,
    "pop_mean": 0.5791999999999999,
    "cvar_mean": -1.672067954689613,
    "cvar_worst": -1.7365460211185217
  },
  "distribution_percentiles": {
    "p1": -1.6770236165672934,
    "p5": -1.6632741569401106,
    "p10": -1.6558343601541445,
    "p25": -1.6467090095381374,
    "p50": 1.234380290785071,
    "p75": 1.3714955751159885,
    "p90": 1.3714955751159885,
    "p95": 1.3714955751159885,
    "p99": 1.3714955751159885
  },
  "sensitivity": {
    "wide_spread_slippage_ev": 0.10002531288040535,
    "wide_spread_slippage_pop": 0.5761999999999999,
    "wide_spread_slippage_cvar95": -1.731135634083092,
    "ev_delta_real_to_stress": -0.0350240789824484
  },
  "friction_hurdle": {
    "ev_mid": 0.16977147815388707,
    "ev_real": 0.13504939186285375,
    "ev_stress": 0.10002531288040535,
    "delta_ev_real": -0.03472208629103332,
    "delta_ev_stress": -0.06974616527348172,
    "ev_mid_R": 0.09998920807066845,
    "ev_real_R": 0.07953916576347456,
    "ev_stress_R": 0.05891126077648262
  },
  "breakevens": [],
  "edge_attribution": {
    "iv_rich_vs_rv": null,
    "mean_reversion_regime_probability": 0.44666666666666666,
    "structure_expected_move_match": 0.0,
    "signals_present": 2,
    "signals_pass": 1,
    "thresholds": {
      "regime_prob_min": 0.2,
      "structure_match_min": 0.05,
      "min_signals_pass": 2
    },
    "explainable": false
  },
  "gates": {
    "regime": "mean_revert|vol_contracting",
    "ev_threshold_R": 0.05,
    "cvar_threshold_R": -1.0,
    "ev_gate": true,
    "ev_ci_gate": false,
    "cvar_gate": true,
    "cvar_worst_gate": false,
    "pop_or_pot": true,
    "slippage_sensitivity_ok": true,
    "stress_ev_not_catastrophic": true,
    "allow_trade": false
  }
}