{
  "generated_at": "2026-03-07T00:42:11.175845+00:00",
  "config_hash": "a327d0935c0c5b8aecba4e98a2b83a2ee83940a0f2e57c9be7667dd4981b00e8",
  "n_batches": 10,
  "paths_per_batch": 500,
  "n_total_paths": 5000,
  "base_seed": 3019,
  "crn_scope": "same_model_same_structure_friction_only",
  "assumptions": {
    "model": "jump",
    "spot": 671.725,
    "r": 0.03,
    "q": 0.0,
    "expiry_years": 0.019178082191780823,
    "n_paths": 5000,
    "n_batches": 10,
    "paths_per_batch": 500,
    "dt": 0.0006849315068493151,
    "seed": 3019,
    "strategy": "put_diagonal",
    "legs": [
      {
        "side": "short",
        "option_type": "put",
        "strike": 672,
        "qty": 1,
        "expiry_years": 0.0076712328767123295
      },
      {
        "side": "long",
        "option_type": "put",
        "strike": 669,
        "qty": 1,
        "expiry_years": 0.019178082191780823
      }
    ],
    "snapshot_file": null,
    "event_risk_high": false
  },
  "randomness_policy": {
    "comparison_mode": "paired",
    "base_seed": 3019,
    "sensitivity_seed": 3019,
    "crn_scope": "same_model_same_structure_friction_only",
    "cross_model_or_cross_structure": "unpaired_independent_seeds_required"
  },
  "calibration": {
    "iv_atm": 0.25,
    "skew": -0.25,
    "curv": 0.1,
    "term": 0.0,
    "rv10": null,
    "rv20": null,
    "jump": {
      "mu": 0.03,
      "sigma": 0.25,
      "jump_lambda": 0.25,
      "jump_mu": -0.06,
      "jump_sigma": 0.2
    }
  },
  "regime_distribution": {
    "mean_revert|vol_expanding": 0.21,
    "trend|vol_contracting": 0.19666666666666666,
    "trend|vol_expanding": 0.14666666666666667,
    "mean_revert|vol_contracting": 0.44666666666666666,
    "dominant": "mean_revert|vol_contracting"
  },
  "stress": {
    "spread_bps": 30.0,
    "slippage_bps": 8.0,
    "partial_fill_prob": 0.1
  },
  "metrics": {
    "ev": 0.23146333998862845,
    "pop": 0.614,
    "pot": 1.0,
    "profit_factor": 1.4365647913503317,
    "avg_win": 1.2404816817642408,
    "avg_loss": -1.3735554730948585,
    "expectancy": 0.23146333998862845,
    "var95": -1.6719488630504726,
    "cvar95": -1.6809487068427114,
    "tail_p1": -1.685517188036363,
    "min_pl": -1.7062145551646735,
    "max_pl": 1.3616055908264744
  },
  "multi_seed_confidence": {
    "n_batches": 10,
    "paths_per_batch": 500,
    "n_total_paths": 5000,
    "ev_mean": 0.17903187295271578,
    "ev_std": 0.07450180817238759,
    "ev_5th_percentile": 0.04273327806828278,
    "pop_mean": 0.5982,
    "cvar_mean": -1.6806096439951754,
    "cvar_worst": -1.7434383775840385
  },
  "distribution_percentiles": {
    "p1": -1.685517188036363,
    "p5": -1.6719488630504726,
    "p10": -1.6649141346645688,
    "p25": -1.6481726154168235,
    "p50": 1.3288890637528687,
    "p75": 1.3616055908264744,
    "p90": 1.3616055908264744,
    "p95": 1.3616055908264744,
    "p99": 1.3616055908264744
  },
  "sensitivity": {
    "wide_spread_slippage_ev": 0.14493626498511883,
    "wide_spread_slippage_pop": 0.5948,
    "wide_spread_slippage_cvar95": -1.7380646498856962,
    "ev_delta_real_to_stress": -0.03409560796759695
  },
  "friction_hurdle": {
    "ev_mid": 0.2126531074320157,
    "ev_real": 0.17903187295271578,
    "ev_stress": 0.14493626498511883,
    "delta_ev_real": -0.03362123447929993,
    "delta_ev_stress": -0.06771684244689688,
    "ev_mid_R": 0.12463444693301877,
    "ev_real_R": 0.10492928477886342,
    "ev_stress_R": 0.08494609575706641
  },
  "breakevens": [],
  "edge_attribution": {
    "iv_rich_vs_rv": null,
    "mean_reversion_regime_probability": 0.44666666666666666,
    "structure_expected_move_match": 0.0,
    "signals_present": 2,
    "signals_pass": 1,
    "thresholds": {
      "regime_prob_min": 0.2,
      "structure_match_min": 0.05,
      "min_signals_pass": 2
    },
    "explainable": false
  },
  "gates": {
    "regime": "mean_revert|vol_contracting",
    "ev_threshold_R": 0.05,
    "cvar_threshold_R": -1.0,
    "ev_gate": true,
    "ev_ci_gate": true,
    "cvar_gate": true,
    "cvar_worst_gate": false,
    "pop_or_pot": true,
    "slippage_sensitivity_ok": true,
    "stress_ev_not_catastrophic": true,
    "allow_trade": false
  }
}