{
  "assumptions": {
    "model": "gbm",
    "spot": 682.92,
    "r": 0.03,
    "q": 0.0,
    "expiry_years": 0.07123287671232877,
    "n_paths": 5000,
    "n_batches": 4,
    "paths_per_batch": 500,
    "dt": 0.00209508460918614,
    "seed": 21,
    "strategy": "iron_fly",
    "legs": [
      {
        "side": "short",
        "option_type": "call",
        "strike": 683,
        "qty": 1,
        "expiry_years": null
      },
      {
        "side": "short",
        "option_type": "put",
        "strike": 683,
        "qty": 1,
        "expiry_years": null
      },
      {
        "side": "long",
        "option_type": "call",
        "strike": 690,
        "qty": 1,
        "expiry_years": null
      },
      {
        "side": "long",
        "option_type": "put",
        "strike": 676,
        "qty": 1,
        "expiry_years": null
      }
    ],
    "snapshot_file": "snapshots/spy_mc_snapshot_20260224.json",
    "event_risk_high": false
  },
  "randomness_policy": {
    "comparison_mode": "paired",
    "base_seed": 21,
    "sensitivity_seed": 21,
    "crn_scope": "same_model_same_structure_friction_only",
    "cross_model_or_cross_structure": "unpaired_independent_seeds_required"
  },
  "calibration": {
    "iv_atm": 0.19510896967482647,
    "skew": 0.011309538277646799,
    "curv": 6.447950056132601,
    "term": 0.052073584954025,
    "rv10": 0.1466850051739489,
    "rv20": 0.16594477577191283,
    "jump": {
      "mu": 0.03,
      "sigma": 0.14538502650882348,
      "jump_lambda": 23.86538461538462,
      "jump_mu": -0.005711059482233119,
      "jump_sigma": 0.017595225531969357
    }
  },
  "regime_distribution": {
    "mean_revert|vol_contracting": 0.37333333333333335,
    "trend|vol_contracting": 0.21,
    "trend|vol_expanding": 0.17666666666666667,
    "mean_revert|vol_expanding": 0.24,
    "dominant": "mean_revert|vol_contracting"
  },
  "stress": {
    "spread_bps": 10.0,
    "slippage_bps": 3.0,
    "partial_fill_prob": 0.03
  },
  "metrics": {
    "ev": -0.12268219017803857,
    "pop": 0.13,
    "pot": 0.078,
    "profit_factor": 0.7986091667990022,
    "avg_win": 3.7422496851939666,
    "avg_loss": -0.7002007462681081,
    "expectancy": -0.12268219017803839,
    "var95": -0.763229922176708,
    "cvar95": -0.7839123055716928,
    "tail_p1": -0.8000584790146664,
    "min_pl": -0.8168149946888779,
    "max_pl": 6.237957676123594
  },
  "multi_seed_confidence": {
    "n_batches": 4,
    "paths_per_batch": 500,
    "ev_mean": -0.0957933303011902,
    "ev_std": 0.04488630591162152,
    "ev_5th_percentile": -0.13996938592921263,
    "pop_mean": 0.14350000000000002,
    "cvar_mean": -0.7907908119711906,
    "cvar_worst": -0.9316519004534638
  },
  "distribution_percentiles": {
    "p1": -0.8000584790146664,
    "p5": -0.763229922176708,
    "p10": -0.7463677421336332,
    "p25": -0.7222435316877545,
    "p50": -0.6944839516528676,
    "p75": -0.6770388741142364,
    "p90": 1.9409579043415943,
    "p95": 4.61347820090217,
    "p99": 6.148803562561968
  },
  "sensitivity": {
    "wide_spread_slippage_ev": -0.1568951232122197,
    "wide_spread_slippage_pop": 0.14200000000000002,
    "wide_spread_slippage_cvar95": -0.917449798631228,
    "ev_delta_real_to_stress": -0.06110179291102952
  },
  "friction_hurdle": {
    "ev_mid": -0.0377318921803422,
    "ev_real": -0.0957933303011902,
    "ev_stress": -0.1568951232122197,
    "delta_ev_real": -0.05806143812084799,
    "delta_ev_stress": -0.11916323103187751,
    "ev_mid_R": -0.04619392693043564,
    "ev_real_R": -0.1172766549635607,
    "ev_stress_R": -0.19208159036304243
  },
  "breakevens": [
    682.2997992537319,
    683.7002007462681
  ],
  "edge_attribution": {
    "iv_rich_vs_rv": 0.029164193902913638,
    "mean_reversion_regime_probability": 0.37333333333333335,
    "structure_expected_move_match": 0.017439939561550433,
    "explainable": true
  },
  "gates": {
    "regime": "mean_revert|vol_contracting",
    "ev_threshold_R": 0.05,
    "cvar_threshold_R": -1.0,
    "ev_gate": false,
    "ev_ci_gate": false,
    "cvar_gate": true,
    "cvar_worst_gate": false,
    "pop_or_pot": false,
    "slippage_sensitivity_ok": true,
    "stress_ev_not_catastrophic": true,
    "allow_trade": false
  }
}