{
  "generated_at": "2026-03-05T20:42:05.420228+00:00",
  "config_hash": "ac596049702bddc14a1cc71049dc7a99d817dda8cb127e1f08fb12cec118825e",
  "n_batches": 10,
  "paths_per_batch": 500,
  "n_total_paths": 5000,
  "base_seed": 3019,
  "crn_scope": "same_model_same_structure_friction_only",
  "assumptions": {
    "model": "jump",
    "spot": 679.585,
    "r": 0.03,
    "q": 0.0,
    "expiry_years": 0.019178082191780823,
    "n_paths": 5000,
    "n_batches": 10,
    "paths_per_batch": 500,
    "dt": 0.0006849315068493151,
    "seed": 3019,
    "strategy": "put_diagonal",
    "legs": [
      {
        "side": "short",
        "option_type": "put",
        "strike": 680,
        "qty": 1,
        "expiry_years": 0.0076712328767123295
      },
      {
        "side": "long",
        "option_type": "put",
        "strike": 677,
        "qty": 1,
        "expiry_years": 0.019178082191780823
      }
    ],
    "snapshot_file": null,
    "event_risk_high": false
  },
  "randomness_policy": {
    "comparison_mode": "paired",
    "base_seed": 3019,
    "sensitivity_seed": 3019,
    "crn_scope": "same_model_same_structure_friction_only",
    "cross_model_or_cross_structure": "unpaired_independent_seeds_required"
  },
  "calibration": {
    "iv_atm": 0.25,
    "skew": -0.25,
    "curv": 0.1,
    "term": 0.0,
    "rv10": null,
    "rv20": null,
    "jump": {
      "mu": 0.03,
      "sigma": 0.25,
      "jump_lambda": 0.25,
      "jump_mu": -0.06,
      "jump_sigma": 0.2
    }
  },
  "regime_distribution": {
    "mean_revert|vol_expanding": 0.21,
    "trend|vol_contracting": 0.19666666666666666,
    "trend|vol_expanding": 0.14666666666666667,
    "mean_revert|vol_contracting": 0.44666666666666666,
    "dominant": "mean_revert|vol_contracting"
  },
  "stress": {
    "spread_bps": 30.0,
    "slippage_bps": 8.0,
    "partial_fill_prob": 0.1
  },
  "metrics": {
    "ev": 0.2021393996552141,
    "pop": 0.606,
    "pot": 1.0,
    "profit_factor": 1.3693105295806611,
    "avg_win": 1.2367690397202453,
    "avg_loss": -1.3891945137443011,
    "expectancy": 0.202139399655214,
    "var95": -1.6659796676584755,
    "cvar95": -1.675120473803376,
    "tail_p1": -1.679755908622616,
    "min_pl": -1.7006893852875926,
    "max_pl": 1.368618939079488
  },
  "multi_seed_confidence": {
    "n_batches": 10,
    "paths_per_batch": 500,
    "n_total_paths": 5000,
    "ev_mean": 0.146689509834093,
    "ev_std": 0.07574026072972914,
    "ev_5th_percentile": 0.008624247222454251,
    "pop_mean": 0.5837999999999999,
    "cvar_mean": -1.674783957409381,
    "cvar_worst": -1.7391576690974473
  },
  "distribution_percentiles": {
    "p1": -1.679755908622616,
    "p5": -1.6659796676584755,
    "p10": -1.658556965774345,
    "p25": -1.6491137652346115,
    "p50": 1.2729327401854023,
    "p75": 1.368618939079488,
    "p90": 1.368618939079488,
    "p95": 1.368618939079488,
    "p99": 1.368618939079488
  },
  "sensitivity": {
    "wide_spread_slippage_ev": 0.11173155152576789,
    "wide_spread_slippage_pop": 0.5818,
    "wide_spread_slippage_cvar95": -1.7337291293776889,
    "ev_delta_real_to_stress": -0.03495795830832513
  },
  "friction_hurdle": {
    "ev_mid": 0.1813544859161891,
    "ev_real": 0.146689509834093,
    "ev_stress": 0.11173155152576789,
    "delta_ev_real": -0.034664976082096094,
    "delta_ev_stress": -0.06962293439042122,
    "ev_mid_R": 0.1066358663051933,
    "ev_real_R": 0.08625296959167372,
    "ev_stress_R": 0.06569780025226281
  },
  "breakevens": [],
  "edge_attribution": {
    "iv_rich_vs_rv": null,
    "mean_reversion_regime_probability": 0.44666666666666666,
    "structure_expected_move_match": 0.0,
    "signals_present": 2,
    "signals_pass": 1,
    "thresholds": {
      "regime_prob_min": 0.2,
      "structure_match_min": 0.05,
      "min_signals_pass": 2
    },
    "explainable": false
  },
  "gates": {
    "regime": "mean_revert|vol_contracting",
    "ev_threshold_R": 0.05,
    "cvar_threshold_R": -1.0,
    "ev_gate": true,
    "ev_ci_gate": false,
    "cvar_gate": true,
    "cvar_worst_gate": false,
    "pop_or_pot": true,
    "slippage_sensitivity_ok": true,
    "stress_ev_not_catastrophic": true,
    "allow_trade": false
  }
}