{
  "generated_at": "2026-03-06T14:30:20.631800+00:00",
  "config_hash": "fd474c7e221ae6a50a601c24b219a7e1ef401126c3b6c2364530b225c9b66bc3",
  "n_batches": 10,
  "paths_per_batch": 500,
  "n_total_paths": 5000,
  "base_seed": 3019,
  "crn_scope": "same_model_same_structure_friction_only",
  "assumptions": {
    "model": "jump",
    "spot": 672.575,
    "r": 0.03,
    "q": 0.0,
    "expiry_years": 0.019178082191780823,
    "n_paths": 5000,
    "n_batches": 10,
    "paths_per_batch": 500,
    "dt": 0.0006849315068493151,
    "seed": 3019,
    "strategy": "put_diagonal",
    "legs": [
      {
        "side": "short",
        "option_type": "put",
        "strike": 673,
        "qty": 1,
        "expiry_years": 0.0076712328767123295
      },
      {
        "side": "long",
        "option_type": "put",
        "strike": 670,
        "qty": 1,
        "expiry_years": 0.019178082191780823
      }
    ],
    "snapshot_file": null,
    "event_risk_high": false
  },
  "randomness_policy": {
    "comparison_mode": "paired",
    "base_seed": 3019,
    "sensitivity_seed": 3019,
    "crn_scope": "same_model_same_structure_friction_only",
    "cross_model_or_cross_structure": "unpaired_independent_seeds_required"
  },
  "calibration": {
    "iv_atm": 0.25,
    "skew": -0.25,
    "curv": 0.1,
    "term": 0.0,
    "rv10": null,
    "rv20": null,
    "jump": {
      "mu": 0.03,
      "sigma": 0.25,
      "jump_lambda": 0.25,
      "jump_mu": -0.06,
      "jump_sigma": 0.2
    }
  },
  "regime_distribution": {
    "mean_revert|vol_expanding": 0.21,
    "trend|vol_contracting": 0.19666666666666666,
    "trend|vol_expanding": 0.14666666666666667,
    "mean_revert|vol_contracting": 0.44666666666666666,
    "dominant": "mean_revert|vol_contracting"
  },
  "stress": {
    "spread_bps": 30.0,
    "slippage_bps": 8.0,
    "partial_fill_prob": 0.1
  },
  "metrics": {
    "ev": 0.20265886047037898,
    "pop": 0.606,
    "pot": 1.0,
    "profit_factor": 1.3710442740870712,
    "avg_win": 1.2357161353999842,
    "avg_loss": -1.386256643609166,
    "expectancy": 0.20265886047037895,
    "var95": -1.665314656154561,
    "cvar95": -1.6743601781420336,
    "tail_p1": -1.6789440147104941,
    "min_pl": -1.6996708479204745,
    "max_pl": 1.3689730712318888
  },
  "multi_seed_confidence": {
    "n_batches": 10,
    "paths_per_batch": 500,
    "n_total_paths": 5000,
    "ev_mean": 0.14740027517992632,
    "ev_std": 0.0756614106421855,
    "ev_5th_percentile": 0.009463652623373855,
    "pop_mean": 0.5837999999999999,
    "cvar_mean": -1.6740282728322697,
    "cvar_worst": -1.7377343320264587
  },
  "distribution_percentiles": {
    "p1": -1.6789440147104941,
    "p5": -1.665314656154561,
    "p10": -1.6580374355417198,
    "p25": -1.6485313381551427,
    "p50": 1.2652611514264276,
    "p75": 1.3689730712318888,
    "p90": 1.3689730712318888,
    "p95": 1.3689730712318888,
    "p99": 1.3689730712318888
  },
  "sensitivity": {
    "wide_spread_slippage_ev": 0.11280725722559948,
    "wide_spread_slippage_pop": 0.5818,
    "wide_spread_slippage_cvar95": -1.732359898944707,
    "ev_delta_real_to_stress": -0.03459301795432684
  },
  "friction_hurdle": {
    "ev_mid": 0.1815921294498054,
    "ev_real": 0.14740027517992632,
    "ev_stress": 0.11280725722559948,
    "delta_ev_real": -0.034191854269879085,
    "delta_ev_stress": -0.06878487222420593,
    "ev_mid_R": 0.10683958583627003,
    "ev_real_R": 0.0867228354009064,
    "ev_stress_R": 0.06637006062886688
  },
  "breakevens": [],
  "edge_attribution": {
    "iv_rich_vs_rv": null,
    "mean_reversion_regime_probability": 0.44666666666666666,
    "structure_expected_move_match": 0.0,
    "signals_present": 2,
    "signals_pass": 1,
    "thresholds": {
      "regime_prob_min": 0.2,
      "structure_match_min": 0.05,
      "min_signals_pass": 2
    },
    "explainable": false
  },
  "gates": {
    "regime": "mean_revert|vol_contracting",
    "ev_threshold_R": 0.05,
    "cvar_threshold_R": -1.0,
    "ev_gate": true,
    "ev_ci_gate": false,
    "cvar_gate": true,
    "cvar_worst_gate": false,
    "pop_or_pot": true,
    "slippage_sensitivity_ok": true,
    "stress_ev_not_catastrophic": true,
    "allow_trade": false
  }
}