{
  "generated_at": "2026-03-05T14:43:01.203035+00:00",
  "config_hash": "ab2cd092b183b3dd72a441c9e2ebc7765d036b9720adb49641fe7f67dc067e2c",
  "n_batches": 10,
  "paths_per_batch": 500,
  "n_total_paths": 5000,
  "base_seed": 3019,
  "crn_scope": "same_model_same_structure_friction_only",
  "assumptions": {
    "model": "jump",
    "spot": 681.71,
    "r": 0.03,
    "q": 0.0,
    "expiry_years": 0.019178082191780823,
    "n_paths": 5000,
    "n_batches": 10,
    "paths_per_batch": 500,
    "dt": 0.0006849315068493151,
    "seed": 3019,
    "strategy": "put_diagonal",
    "legs": [
      {
        "side": "short",
        "option_type": "put",
        "strike": 682,
        "qty": 1,
        "expiry_years": 0.0076712328767123295
      },
      {
        "side": "long",
        "option_type": "put",
        "strike": 679,
        "qty": 1,
        "expiry_years": 0.019178082191780823
      }
    ],
    "snapshot_file": null,
    "event_risk_high": false
  },
  "randomness_policy": {
    "comparison_mode": "paired",
    "base_seed": 3019,
    "sensitivity_seed": 3019,
    "crn_scope": "same_model_same_structure_friction_only",
    "cross_model_or_cross_structure": "unpaired_independent_seeds_required"
  },
  "calibration": {
    "iv_atm": 0.25,
    "skew": -0.25,
    "curv": 0.1,
    "term": 0.0,
    "rv10": null,
    "rv20": null,
    "jump": {
      "mu": 0.03,
      "sigma": 0.25,
      "jump_lambda": 0.25,
      "jump_mu": -0.06,
      "jump_sigma": 0.2
    }
  },
  "regime_distribution": {
    "mean_revert|vol_expanding": 0.21,
    "trend|vol_contracting": 0.19666666666666666,
    "trend|vol_expanding": 0.14666666666666667,
    "mean_revert|vol_contracting": 0.44666666666666666,
    "dominant": "mean_revert|vol_contracting"
  },
  "stress": {
    "spread_bps": 30.0,
    "slippage_bps": 8.0,
    "partial_fill_prob": 0.1
  },
  "metrics": {
    "ev": 0.22490052888464415,
    "pop": 0.614,
    "pot": 1.0,
    "profit_factor": 1.4203344513992986,
    "avg_win": 1.237706694326734,
    "avg_loss": -1.386143475212359,
    "expectancy": 0.22490052888464418,
    "var95": -1.6715067611297925,
    "cvar95": -1.6806489207405146,
    "tail_p1": -1.6852926129713384,
    "min_pl": -1.7062852319546993,
    "max_pl": 1.3626250294510984
  },
  "multi_seed_confidence": {
    "n_batches": 10,
    "paths_per_batch": 500,
    "n_total_paths": 5000,
    "ev_mean": 0.17160142320102756,
    "ev_std": 0.07480562007959425,
    "ev_5th_percentile": 0.034826482014383334,
    "pop_mean": 0.5948,
    "cvar_mean": -1.6803040454727225,
    "cvar_worst": -1.7442384000387878
  },
  "distribution_percentiles": {
    "p1": -1.6852926129713384,
    "p5": -1.6715067611297925,
    "p10": -1.664209880432667,
    "p25": -1.6521431853685882,
    "p50": 1.3259749237323541,
    "p75": 1.3626250294510984,
    "p90": 1.3626250294510984,
    "p95": 1.3626250294510984,
    "p99": 1.3626250294510984
  },
  "sensitivity": {
    "wide_spread_slippage_ev": 0.1368995784531108,
    "wide_spread_slippage_pop": 0.5918,
    "wide_spread_slippage_cvar95": -1.7387887388209602,
    "ev_delta_real_to_stress": -0.034701844747916766
  },
  "friction_hurdle": {
    "ev_mid": 0.20599426711405228,
    "ev_real": 0.17160142320102756,
    "ev_stress": 0.1368995784531108,
    "delta_ev_real": -0.03439284391302472,
    "delta_ev_stress": -0.06909468866094148,
    "ev_mid_R": 0.12072674794123828,
    "ev_real_R": 0.10057018603181785,
    "ev_stress_R": 0.08023252847138596
  },
  "breakevens": [],
  "edge_attribution": {
    "iv_rich_vs_rv": null,
    "mean_reversion_regime_probability": 0.44666666666666666,
    "structure_expected_move_match": 0.0,
    "signals_present": 2,
    "signals_pass": 1,
    "thresholds": {
      "regime_prob_min": 0.2,
      "structure_match_min": 0.05,
      "min_signals_pass": 2
    },
    "explainable": false
  },
  "gates": {
    "regime": "mean_revert|vol_contracting",
    "ev_threshold_R": 0.05,
    "cvar_threshold_R": -1.0,
    "ev_gate": true,
    "ev_ci_gate": true,
    "cvar_gate": true,
    "cvar_worst_gate": false,
    "pop_or_pot": true,
    "slippage_sensitivity_ok": true,
    "stress_ev_not_catastrophic": true,
    "allow_trade": false
  }
}