{
  "generated_at": "2026-03-06T04:42:07.373860+00:00",
  "config_hash": "402b8da637f154620fa756ac250a502b6b65cd00b108d0c53e346cfea159ce26",
  "n_batches": 10,
  "paths_per_batch": 500,
  "n_total_paths": 5000,
  "base_seed": 3019,
  "crn_scope": "same_model_same_structure_friction_only",
  "assumptions": {
    "model": "jump",
    "spot": 682.155,
    "r": 0.03,
    "q": 0.0,
    "expiry_years": 0.019178082191780823,
    "n_paths": 5000,
    "n_batches": 10,
    "paths_per_batch": 500,
    "dt": 0.0006849315068493151,
    "seed": 3019,
    "strategy": "put_diagonal",
    "legs": [
      {
        "side": "short",
        "option_type": "put",
        "strike": 682,
        "qty": 1,
        "expiry_years": 0.0076712328767123295
      },
      {
        "side": "long",
        "option_type": "put",
        "strike": 679,
        "qty": 1,
        "expiry_years": 0.019178082191780823
      }
    ],
    "snapshot_file": null,
    "event_risk_high": false
  },
  "randomness_policy": {
    "comparison_mode": "paired",
    "base_seed": 3019,
    "sensitivity_seed": 3019,
    "crn_scope": "same_model_same_structure_friction_only",
    "cross_model_or_cross_structure": "unpaired_independent_seeds_required"
  },
  "calibration": {
    "iv_atm": 0.25,
    "skew": -0.25,
    "curv": 0.1,
    "term": 0.0,
    "rv10": null,
    "rv20": null,
    "jump": {
      "mu": 0.03,
      "sigma": 0.25,
      "jump_lambda": 0.25,
      "jump_mu": -0.06,
      "jump_sigma": 0.2
    }
  },
  "regime_distribution": {
    "mean_revert|vol_expanding": 0.21,
    "trend|vol_contracting": 0.19666666666666666,
    "trend|vol_expanding": 0.14666666666666667,
    "mean_revert|vol_contracting": 0.44666666666666666,
    "dominant": "mean_revert|vol_contracting"
  },
  "stress": {
    "spread_bps": 30.0,
    "slippage_bps": 8.0,
    "partial_fill_prob": 0.1
  },
  "metrics": {
    "ev": 0.3054185869886375,
    "pop": 0.646,
    "pot": 1.0,
    "profit_factor": 1.621470229788064,
    "avg_win": 1.233535337782758,
    "avg_loss": -1.3882633932740795,
    "expectancy": 0.30541858698863755,
    "var95": -1.6909083093356647,
    "cvar95": -1.6999566266221435,
    "tail_p1": -1.7045775978865174,
    "min_pl": -1.7255706330245717,
    "max_pl": 1.341199136272507
  },
  "multi_seed_confidence": {
    "n_batches": 10,
    "paths_per_batch": 500,
    "n_total_paths": 5000,
    "ev_mean": 0.262109017798991,
    "ev_std": 0.07084342011576637,
    "ev_5th_percentile": 0.13335734706507393,
    "pop_mean": 0.6294,
    "cvar_mean": -1.6996003410291176,
    "cvar_worst": -1.7612327241718875
  },
  "distribution_percentiles": {
    "p1": -1.7045775978865174,
    "p5": -1.6909083093356647,
    "p10": -1.6842682480698121,
    "p25": -1.494125686542727,
    "p50": 1.3353376164884643,
    "p75": 1.341199136272507,
    "p90": 1.341199136272507,
    "p95": 1.341199136272507,
    "p99": 1.341199136272507
  },
  "sensitivity": {
    "wide_spread_slippage_ev": 0.22867280938356246,
    "wide_spread_slippage_pop": 0.6274,
    "wide_spread_slippage_cvar95": -1.7557637863286313,
    "ev_delta_real_to_stress": -0.03343620841542852
  },
  "friction_hurdle": {
    "ev_mid": 0.29506353433190347,
    "ev_real": 0.262109017798991,
    "ev_stress": 0.22867280938356246,
    "delta_ev_real": -0.03295451653291248,
    "delta_ev_stress": -0.066390724948341,
    "ev_mid_R": 0.17099475888432197,
    "ev_real_R": 0.15189700889819133,
    "ev_stress_R": 0.132520109584124
  },
  "breakevens": [],
  "edge_attribution": {
    "iv_rich_vs_rv": null,
    "mean_reversion_regime_probability": 0.44666666666666666,
    "structure_expected_move_match": 0.0,
    "signals_present": 2,
    "signals_pass": 1,
    "thresholds": {
      "regime_prob_min": 0.2,
      "structure_match_min": 0.05,
      "min_signals_pass": 2
    },
    "explainable": false
  },
  "gates": {
    "regime": "mean_revert|vol_contracting",
    "ev_threshold_R": 0.05,
    "cvar_threshold_R": -1.0,
    "ev_gate": true,
    "ev_ci_gate": true,
    "cvar_gate": true,
    "cvar_worst_gate": false,
    "pop_or_pot": true,
    "slippage_sensitivity_ok": true,
    "stress_ev_not_catastrophic": true,
    "allow_trade": false
  }
}