{
  "generated_at": "2026-03-06T22:42:09.190234+00:00",
  "config_hash": "964f5533365db7294eb09fe90817110a3e54090037b018605096ea829eeb4679",
  "n_batches": 10,
  "paths_per_batch": 500,
  "n_total_paths": 5000,
  "base_seed": 3019,
  "crn_scope": "same_model_same_structure_friction_only",
  "assumptions": {
    "model": "jump",
    "spot": 672.055,
    "r": 0.03,
    "q": 0.0,
    "expiry_years": 0.019178082191780823,
    "n_paths": 5000,
    "n_batches": 10,
    "paths_per_batch": 500,
    "dt": 0.0006849315068493151,
    "seed": 3019,
    "strategy": "put_diagonal",
    "legs": [
      {
        "side": "short",
        "option_type": "put",
        "strike": 672,
        "qty": 1,
        "expiry_years": 0.0076712328767123295
      },
      {
        "side": "long",
        "option_type": "put",
        "strike": 669,
        "qty": 1,
        "expiry_years": 0.019178082191780823
      }
    ],
    "snapshot_file": null,
    "event_risk_high": false
  },
  "randomness_policy": {
    "comparison_mode": "paired",
    "base_seed": 3019,
    "sensitivity_seed": 3019,
    "crn_scope": "same_model_same_structure_friction_only",
    "cross_model_or_cross_structure": "unpaired_independent_seeds_required"
  },
  "calibration": {
    "iv_atm": 0.25,
    "skew": -0.25,
    "curv": 0.1,
    "term": 0.0,
    "rv10": null,
    "rv20": null,
    "jump": {
      "mu": 0.03,
      "sigma": 0.25,
      "jump_lambda": 0.25,
      "jump_mu": -0.06,
      "jump_sigma": 0.2
    }
  },
  "regime_distribution": {
    "mean_revert|vol_expanding": 0.21,
    "trend|vol_contracting": 0.19666666666666666,
    "trend|vol_expanding": 0.14666666666666667,
    "mean_revert|vol_contracting": 0.44666666666666666,
    "dominant": "mean_revert|vol_contracting"
  },
  "stress": {
    "spread_bps": 30.0,
    "slippage_bps": 8.0,
    "partial_fill_prob": 0.1
  },
  "metrics": {
    "ev": 0.2921110873878349,
    "pop": 0.646,
    "pot": 1.0,
    "profit_factor": 1.5870718683581129,
    "avg_win": 1.2224211262936457,
    "avg_loss": -1.4055733338922607,
    "expectancy": 0.292111087387835,
    "var95": -1.6865859308029367,
    "cvar95": -1.6955160314745645,
    "tail_p1": -1.7000678181562339,
    "min_pl": -1.72076533394568,
    "max_pl": 1.3454673234313206
  },
  "multi_seed_confidence": {
    "n_batches": 10,
    "paths_per_batch": 500,
    "n_total_paths": 5000,
    "ev_mean": 0.24710013371332806,
    "ev_std": 0.07148905814060884,
    "ev_5th_percentile": 0.1167729705007039,
    "pop_mean": 0.6264000000000001,
    "cvar_mean": -1.6951708858057,
    "cvar_worst": -1.7562898271015157
  },
  "distribution_percentiles": {
    "p1": -1.7000678181562339,
    "p5": -1.6865859308029367,
    "p10": -1.6800382819952795,
    "p25": -1.5347158733224786,
    "p50": 1.3396622041804833,
    "p75": 1.3454673234313206,
    "p90": 1.3454673234313206,
    "p95": 1.3454673234313206,
    "p99": 1.3454673234313206
  },
  "sensitivity": {
    "wide_spread_slippage_ev": 0.21394509476203782,
    "wide_spread_slippage_pop": 0.6235999999999999,
    "wide_spread_slippage_cvar95": -1.7509018292711296,
    "ev_delta_real_to_stress": -0.03315503895129024
  },
  "friction_hurdle": {
    "ev_mid": 0.2796542289423981,
    "ev_real": 0.24710013371332806,
    "ev_stress": 0.21394509476203782,
    "delta_ev_real": -0.032554095229070046,
    "delta_ev_stress": -0.06570913418036028,
    "ev_mid_R": 0.1625173540084961,
    "ev_real_R": 0.14359897240998717,
    "ev_stress_R": 0.12433136032062318
  },
  "breakevens": [],
  "edge_attribution": {
    "iv_rich_vs_rv": null,
    "mean_reversion_regime_probability": 0.44666666666666666,
    "structure_expected_move_match": 0.0,
    "signals_present": 2,
    "signals_pass": 1,
    "thresholds": {
      "regime_prob_min": 0.2,
      "structure_match_min": 0.05,
      "min_signals_pass": 2
    },
    "explainable": false
  },
  "gates": {
    "regime": "mean_revert|vol_contracting",
    "ev_threshold_R": 0.05,
    "cvar_threshold_R": -1.0,
    "ev_gate": true,
    "ev_ci_gate": true,
    "cvar_gate": true,
    "cvar_worst_gate": false,
    "pop_or_pot": true,
    "slippage_sensitivity_ok": true,
    "stress_ev_not_catastrophic": true,
    "allow_trade": false
  }
}