{
  "generated_at": "2026-03-05T18:12:58.059578+00:00",
  "config_hash": "9037191586225310a9b485fba2c4f185b9f375ea9d9e7737b1e3234d977ba1f9",
  "n_batches": 10,
  "paths_per_batch": 500,
  "n_total_paths": 5000,
  "base_seed": 3019,
  "crn_scope": "same_model_same_structure_friction_only",
  "assumptions": {
    "model": "jump",
    "spot": 676.345,
    "r": 0.03,
    "q": 0.0,
    "expiry_years": 0.019178082191780823,
    "n_paths": 5000,
    "n_batches": 10,
    "paths_per_batch": 500,
    "dt": 0.0006849315068493151,
    "seed": 3019,
    "strategy": "put_diagonal",
    "legs": [
      {
        "side": "short",
        "option_type": "put",
        "strike": 676,
        "qty": 1,
        "expiry_years": 0.0076712328767123295
      },
      {
        "side": "long",
        "option_type": "put",
        "strike": 673,
        "qty": 1,
        "expiry_years": 0.019178082191780823
      }
    ],
    "snapshot_file": null,
    "event_risk_high": false
  },
  "randomness_policy": {
    "comparison_mode": "paired",
    "base_seed": 3019,
    "sensitivity_seed": 3019,
    "crn_scope": "same_model_same_structure_friction_only",
    "cross_model_or_cross_structure": "unpaired_independent_seeds_required"
  },
  "calibration": {
    "iv_atm": 0.25,
    "skew": -0.25,
    "curv": 0.1,
    "term": 0.0,
    "rv10": null,
    "rv20": null,
    "jump": {
      "mu": 0.03,
      "sigma": 0.25,
      "jump_lambda": 0.25,
      "jump_mu": -0.06,
      "jump_sigma": 0.2
    }
  },
  "regime_distribution": {
    "mean_revert|vol_expanding": 0.21,
    "trend|vol_contracting": 0.19666666666666666,
    "trend|vol_expanding": 0.14666666666666667,
    "mean_revert|vol_contracting": 0.44666666666666666,
    "dominant": "mean_revert|vol_contracting"
  },
  "stress": {
    "spread_bps": 30.0,
    "slippage_bps": 8.0,
    "partial_fill_prob": 0.1
  },
  "metrics": {
    "ev": 0.34157357520292303,
    "pop": 0.662,
    "pot": 1.0,
    "profit_factor": 1.7268343441453733,
    "avg_win": 1.2258618039562916,
    "avg_loss": -1.3903755592193547,
    "expectancy": 0.34157357520292325,
    "var95": -1.6993129326512142,
    "cvar95": -1.7082524512605497,
    "tail_p1": -1.7127469064251435,
    "min_pl": -1.733621021691346,
    "max_pl": 1.3316247256760714
  },
  "multi_seed_confidence": {
    "n_batches": 10,
    "paths_per_batch": 500,
    "n_total_paths": 5000,
    "ev_mean": 0.3034383142636832,
    "ev_std": 0.06889628810773514,
    "ev_5th_percentile": 0.17952635288059188,
    "pop_mean": 0.6497999999999999,
    "cvar_mean": -1.707898063571187,
    "cvar_worst": -1.7679176200778783
  },
  "distribution_percentiles": {
    "p1": -1.7127469064251435,
    "p5": -1.6993129326512142,
    "p10": -1.6930973185407685,
    "p25": -1.2884004343071513,
    "p50": 1.3258784859590924,
    "p75": 1.3316247256760714,
    "p90": 1.3316247256760714,
    "p95": 1.3316247256760714,
    "p99": 1.3316247256760714
  },
  "sensitivity": {
    "wide_spread_slippage_ev": 0.27085605974693816,
    "wide_spread_slippage_pop": 0.6476,
    "wide_spread_slippage_cvar95": -1.7624874517134803,
    "ev_delta_real_to_stress": -0.03258225451674501
  },
  "friction_hurdle": {
    "ev_mid": 0.33537237316480406,
    "ev_real": 0.3034383142636832,
    "ev_stress": 0.27085605974693816,
    "delta_ev_real": -0.03193405890112089,
    "delta_ev_stress": -0.0645163134178659,
    "ev_mid_R": 0.1934519534365186,
    "ev_real_R": 0.17503151523142257,
    "ev_stress_R": 0.15623718007450502
  },
  "breakevens": [],
  "edge_attribution": {
    "iv_rich_vs_rv": null,
    "mean_reversion_regime_probability": 0.44666666666666666,
    "structure_expected_move_match": 0.0,
    "signals_present": 2,
    "signals_pass": 1,
    "thresholds": {
      "regime_prob_min": 0.2,
      "structure_match_min": 0.05,
      "min_signals_pass": 2
    },
    "explainable": false
  },
  "gates": {
    "regime": "mean_revert|vol_contracting",
    "ev_threshold_R": 0.05,
    "cvar_threshold_R": -1.0,
    "ev_gate": true,
    "ev_ci_gate": true,
    "cvar_gate": true,
    "cvar_worst_gate": false,
    "pop_or_pot": true,
    "slippage_sensitivity_ok": true,
    "stress_ev_not_catastrophic": true,
    "allow_trade": false
  }
}