{
  "assumptions": {
    "model": "jump",
    "spot": 682.92,
    "r": 0.03,
    "q": 0.0,
    "expiry_years": 0.07123287671232877,
    "n_paths": 5000,
    "n_batches": 10,
    "paths_per_batch": 1000,
    "dt": 0.0013698630136986301,
    "seed": 42,
    "strategy": "put_calendar",
    "legs": [
      {
        "side": "short",
        "option_type": "put",
        "strike": 683,
        "qty": 1,
        "expiry_years": 0.02849315068493151
      },
      {
        "side": "long",
        "option_type": "put",
        "strike": 683,
        "qty": 1,
        "expiry_years": 0.07123287671232877
      }
    ],
    "snapshot_file": "snapshots/spy_mc_snapshot_20260224.json",
    "event_risk_high": false
  },
  "randomness_policy": {
    "comparison_mode": "paired",
    "base_seed": 42,
    "sensitivity_seed": 42,
    "crn_scope": "same_model_same_structure_friction_only",
    "cross_model_or_cross_structure": "unpaired_independent_seeds_required"
  },
  "calibration": {
    "iv_atm": 0.19510896967482647,
    "skew": 0.011309538277646799,
    "curv": 6.447950056132601,
    "term": 0.052073584954025,
    "rv10": 0.18140444889072602,
    "rv20": 0.2052228894119113,
    "jump": {
      "mu": 0.03,
      "sigma": 0.17979677322519277,
      "jump_lambda": 36.5,
      "jump_mu": -0.005711059482233119,
      "jump_sigma": 0.017595225531969357
    }
  },
  "regime_distribution": {
    "trend|vol_expanding": 0.12666666666666668,
    "trend|vol_contracting": 0.24333333333333335,
    "mean_revert|vol_contracting": 0.39,
    "mean_revert|vol_expanding": 0.24,
    "dominant": "mean_revert|vol_contracting"
  },
  "stress": {
    "spread_bps": 30.0,
    "slippage_bps": 8.0,
    "partial_fill_prob": 0.1
  },
  "metrics": {
    "ev": -0.07785397297356696,
    "pop": 0.0,
    "pot": 1.0,
    "profit_factor": 0.0,
    "avg_win": 0.0,
    "avg_loss": -0.07785397297356696,
    "expectancy": -0.07785397297356696,
    "var95": -0.11217282800719204,
    "cvar95": -0.12211230269481962,
    "tail_p1": -0.12695747235845423,
    "min_pl": -0.1508749820800297,
    "max_pl": -0.06171520547473153
  },
  "multi_seed_confidence": {
    "n_batches": 10,
    "paths_per_batch": 1000,
    "ev_mean": -0.07743737967268653,
    "ev_std": 0.0006557242219853339,
    "ev_5th_percentile": -0.07833574663951096,
    "pop_mean": 0.0,
    "cvar_mean": -0.12340702749133736,
    "cvar_worst": -0.2504177826521055
  },
  "distribution_percentiles": {
    "p1": -0.12695747235845423,
    "p5": -0.11217282800719204,
    "p10": -0.10136657891791767,
    "p25": -0.08741646272383857,
    "p50": -0.07746218014309642,
    "p75": -0.06171520547473153,
    "p90": -0.06171520547473153,
    "p95": -0.06171520547473153,
    "p99": -0.06171520547473153
  },
  "sensitivity": {
    "wide_spread_slippage_ev": -0.13554371896611728,
    "wide_spread_slippage_pop": 0.0,
    "wide_spread_slippage_cvar95": -0.21586655032860738,
    "ev_delta_real_to_stress": -0.058106339293430745
  },
  "friction_hurdle": {
    "ev_mid": -0.012861648702068962,
    "ev_real": -0.07743737967268653,
    "ev_stress": -0.13554371896611728,
    "delta_ev_real": -0.06457573097061757,
    "delta_ev_stress": -0.12268207026404832,
    "ev_mid_R": -0.08524706034594036,
    "ev_real_R": -0.5132552700593586,
    "ev_stress_R": -0.8983843252038953
  },
  "breakevens": [],
  "edge_attribution": {
    "iv_rich_vs_rv": -0.010113919737084837,
    "mean_reversion_regime_probability": 0.39,
    "structure_expected_move_match": 0.0,
    "explainable": false
  },
  "gates": {
    "regime": "mean_revert|vol_contracting",
    "ev_threshold_R": 0.05,
    "cvar_threshold_R": -1.0,
    "ev_gate": false,
    "ev_ci_gate": false,
    "cvar_gate": true,
    "cvar_worst_gate": false,
    "pop_or_pot": true,
    "slippage_sensitivity_ok": false,
    "stress_ev_not_catastrophic": false,
    "allow_trade": false
  }
}