{
  "assumptions": {
    "model": "jump",
    "spot": 689.81,
    "r": 0.03,
    "q": 0.0,
    "expiry_years": 0.0136986301369863,
    "n_paths": 5000,
    "n_batches": 10,
    "paths_per_batch": 2000,
    "dt": 0.0006849315068493151,
    "seed": 42,
    "strategy": "put_debit_spread",
    "legs": [
      {
        "side": "long",
        "option_type": "put",
        "strike": 690,
        "qty": 1,
        "expiry_years": null
      },
      {
        "side": "short",
        "option_type": "put",
        "strike": 688,
        "qty": 1,
        "expiry_years": null
      }
    ],
    "snapshot_file": "experiments/chain_snapshot_with_returns.json",
    "event_risk_high": false
  },
  "randomness_policy": {
    "comparison_mode": "paired",
    "base_seed": 42,
    "sensitivity_seed": 42,
    "crn_scope": "same_model_same_structure_friction_only",
    "cross_model_or_cross_structure": "unpaired_independent_seeds_required"
  },
  "calibration": {
    "iv_atm": 0.4322705098312481,
    "skew": -0.43916933137193687,
    "curv": 67.67670905079058,
    "term": -0.463687439258477,
    "rv10": 0.09009772472154888,
    "rv20": 0.09656992285385756,
    "jump": {
      "mu": 0.03,
      "sigma": 0.11258390648756153,
      "jump_lambda": 58.400000000000006,
      "jump_mu": -0.006,
      "jump_sigma": 0.01
    }
  },
  "regime_distribution": {
    "mean_revert|vol_contracting": 1.0,
    "dominant": "mean_revert|vol_contracting"
  },
  "stress": {
    "spread_bps": 30.0,
    "slippage_bps": 8.0,
    "partial_fill_prob": 0.1
  },
  "metrics": {
    "ev": -0.22541090354400722,
    "pop": 0.4,
    "pot": 0.4,
    "profit_factor": 0.6178475463247254,
    "avg_win": 0.9110864808671713,
    "avg_loss": -0.983075826484793,
    "expectancy": -0.22541090354400722,
    "var95": -0.9892974928780959,
    "cvar95": -0.9901217242560669,
    "tail_p1": -0.9892974928780959,
    "min_pl": -0.9964590117789204,
    "max_pl": 0.9922677542710923
  },
  "multi_seed_confidence": {
    "n_batches": 10,
    "paths_per_batch": 2000,
    "ev_mean": -0.2277393869277776,
    "ev_std": 0.015092839388956487,
    "ev_5th_percentile": -0.2508272283997871,
    "pop_mean": 0.39905,
    "cvar_mean": -0.9900826609997481,
    "cvar_worst": -1.0351808725924319
  },
  "distribution_percentiles": {
    "p1": -0.9892974928780959,
    "p5": -0.9892974928780959,
    "p10": -0.9887004293285294,
    "p25": -0.9815389104277049,
    "p50": -0.9815389104277049,
    "p75": 0.9078112883710401,
    "p90": 0.9250339028876026,
    "p95": 0.9298068753757993,
    "p99": 0.9405019277988257
  },
  "sensitivity": {
    "wide_spread_slippage_ev": -0.36478496415989825,
    "wide_spread_slippage_pop": 0.3665999999999999,
    "wide_spread_slippage_cvar95": -1.0348571355718796,
    "ev_delta_real_to_stress": -0.13704557723212066
  },
  "friction_hurdle": {
    "ev_mid": -0.0697438841602961,
    "ev_real": -0.2277393869277776,
    "ev_stress": -0.36478496415989825,
    "delta_ev_real": -0.15799550276748148,
    "delta_ev_stress": -0.29504107999960216,
    "ev_mid_R": -0.06999172403066173,
    "ev_real_R": -0.2285486750942296,
    "ev_stress_R": -0.3660812535667361
  },
  "breakevens": [
    689.0169241735152
  ],
  "edge_attribution": {
    "iv_rich_vs_rv": 0.3357005869773905,
    "mean_reversion_regime_probability": 1.0,
    "structure_expected_move_match": 0.02272432795310375,
    "explainable": true
  },
  "gates": {
    "regime": "mean_revert|vol_contracting",
    "ev_threshold_R": 0.05,
    "cvar_threshold_R": -1.0,
    "ev_gate": false,
    "ev_ci_gate": false,
    "cvar_gate": true,
    "cvar_worst_gate": false,
    "pop_or_pot": false,
    "slippage_sensitivity_ok": true,
    "stress_ev_not_catastrophic": true,
    "allow_trade": false
  }
}