{
  "generated_at": "2026-03-06T09:42:59.864219+00:00",
  "config_hash": "39ae73fcc71c33e82c8651c5ff45a664026f476582399ec47c6817ee017ce35c",
  "n_batches": 10,
  "paths_per_batch": 500,
  "n_total_paths": 5000,
  "base_seed": 3019,
  "crn_scope": "same_model_same_structure_friction_only",
  "assumptions": {
    "model": "jump",
    "spot": 681.31,
    "r": 0.03,
    "q": 0.0,
    "expiry_years": 0.019178082191780823,
    "n_paths": 5000,
    "n_batches": 10,
    "paths_per_batch": 500,
    "dt": 0.0006849315068493151,
    "seed": 3019,
    "strategy": "put_diagonal",
    "legs": [
      {
        "side": "short",
        "option_type": "put",
        "strike": 681,
        "qty": 1,
        "expiry_years": 0.0076712328767123295
      },
      {
        "side": "long",
        "option_type": "put",
        "strike": 678,
        "qty": 1,
        "expiry_years": 0.019178082191780823
      }
    ],
    "snapshot_file": null,
    "event_risk_high": false
  },
  "randomness_policy": {
    "comparison_mode": "paired",
    "base_seed": 3019,
    "sensitivity_seed": 3019,
    "crn_scope": "same_model_same_structure_friction_only",
    "cross_model_or_cross_structure": "unpaired_independent_seeds_required"
  },
  "calibration": {
    "iv_atm": 0.25,
    "skew": -0.25,
    "curv": 0.1,
    "term": 0.0,
    "rv10": null,
    "rv20": null,
    "jump": {
      "mu": 0.03,
      "sigma": 0.25,
      "jump_lambda": 0.25,
      "jump_mu": -0.06,
      "jump_sigma": 0.2
    }
  },
  "regime_distribution": {
    "mean_revert|vol_expanding": 0.21,
    "trend|vol_contracting": 0.19666666666666666,
    "trend|vol_expanding": 0.14666666666666667,
    "mean_revert|vol_contracting": 0.44666666666666666,
    "dominant": "mean_revert|vol_contracting"
  },
  "stress": {
    "spread_bps": 30.0,
    "slippage_bps": 8.0,
    "partial_fill_prob": 0.1
  },
  "metrics": {
    "ev": 0.333018109535612,
    "pop": 0.656,
    "pot": 1.0,
    "profit_factor": 1.7004707685907337,
    "avg_win": 1.2323758127345554,
    "avg_loss": -1.3820361151693494,
    "expectancy": 0.33301810953561223,
    "var95": -1.6976698477282037,
    "cvar95": -1.7066813596534842,
    "tail_p1": -1.7112403376135725,
    "min_pl": -1.7322413351655817,
    "max_pl": 1.3336815789213339
  },
  "multi_seed_confidence": {
    "n_batches": 10,
    "paths_per_batch": 500,
    "n_total_paths": 5000,
    "ev_mean": 0.2936126295659209,
    "ev_std": 0.06939409376717344,
    "ev_5th_percentile": 0.1684711989004114,
    "pop_mean": 0.6456,
    "cvar_mean": -1.706322208177578,
    "cvar_worst": -1.7670428761203545
  },
  "distribution_percentiles": {
    "p1": -1.7112403376135725,
    "p5": -1.6976698477282037,
    "p10": -1.691282567497294,
    "p25": -1.3431457064225918,
    "p50": 1.3278816112887255,
    "p75": 1.3336815789213339,
    "p90": 1.3336815789213339,
    "p95": 1.3336815789213339,
    "p99": 1.3336815789213339
  },
  "sensitivity": {
    "wide_spread_slippage_ev": 0.2606572640543571,
    "wide_spread_slippage_pop": 0.6434,
    "wide_spread_slippage_cvar95": -1.7615756361079273,
    "ev_delta_real_to_stress": -0.032955365511563806
  },
  "friction_hurdle": {
    "ev_mid": 0.32601158641690653,
    "ev_real": 0.2936126295659209,
    "ev_stress": 0.2606572640543571,
    "delta_ev_real": -0.03239895685098565,
    "delta_ev_stress": -0.06535432236254946,
    "ev_mid_R": 0.1882021747193463,
    "ev_real_R": 0.16949868566544454,
    "ev_stress_R": 0.15047398925476013
  },
  "breakevens": [],
  "edge_attribution": {
    "iv_rich_vs_rv": null,
    "mean_reversion_regime_probability": 0.44666666666666666,
    "structure_expected_move_match": 0.0,
    "signals_present": 2,
    "signals_pass": 1,
    "thresholds": {
      "regime_prob_min": 0.2,
      "structure_match_min": 0.05,
      "min_signals_pass": 2
    },
    "explainable": false
  },
  "gates": {
    "regime": "mean_revert|vol_contracting",
    "ev_threshold_R": 0.05,
    "cvar_threshold_R": -1.0,
    "ev_gate": true,
    "ev_ci_gate": true,
    "cvar_gate": true,
    "cvar_worst_gate": false,
    "pop_or_pot": true,
    "slippage_sensitivity_ok": true,
    "stress_ev_not_catastrophic": true,
    "allow_trade": false
  }
}