{
  "assumptions": {
    "model": "heston",
    "spot": 682.92,
    "r": 0.03,
    "q": 0.0,
    "expiry_years": 0.0273972602739726,
    "n_paths": 5000,
    "n_batches": 4,
    "paths_per_batch": 500,
    "dt": 0.002107481559536354,
    "seed": 21,
    "strategy": "put_diagonal",
    "legs": [
      {
        "side": "short",
        "option_type": "put",
        "strike": 683,
        "qty": 1,
        "expiry_years": 0.010958904109589041
      },
      {
        "side": "long",
        "option_type": "put",
        "strike": 680,
        "qty": 1,
        "expiry_years": 0.0273972602739726
      }
    ],
    "snapshot_file": "snapshots/spy_mc_snapshot_20260224.json",
    "event_risk_high": false
  },
  "randomness_policy": {
    "comparison_mode": "paired",
    "base_seed": 21,
    "sensitivity_seed": 21,
    "crn_scope": "same_model_same_structure_friction_only",
    "cross_model_or_cross_structure": "unpaired_independent_seeds_required"
  },
  "calibration": {
    "iv_atm": 0.19510896967482647,
    "skew": 0.011309538277646799,
    "curv": 6.447950056132601,
    "term": 0.052073584954025,
    "rv10": 0.14625294236450842,
    "rv20": 0.16545598302893985,
    "jump": {
      "mu": 0.03,
      "sigma": 0.14495679280538878,
      "jump_lambda": 23.725000000000005,
      "jump_mu": -0.005711059482233119,
      "jump_sigma": 0.017595225531969357
    }
  },
  "regime_distribution": {
    "mean_revert|vol_contracting": 1.0,
    "dominant": "mean_revert|vol_contracting"
  },
  "stress": {
    "spread_bps": 10.0,
    "slippage_bps": 3.0,
    "partial_fill_prob": 0.03
  },
  "metrics": {
    "ev": 0.12823566387389085,
    "pop": 0.602,
    "pot": 1.0,
    "profit_factor": 1.2199625644266796,
    "avg_win": 1.181435626985896,
    "avg_loss": -1.4647954361095945,
    "expectancy": 0.12823566387389074,
    "var95": -1.7603083546222869,
    "cvar95": -1.7625729919199096,
    "tail_p1": -1.7650596637206706,
    "min_pl": -1.770514551552135,
    "max_pl": 1.2603571219125862
  },
  "multi_seed_confidence": {
    "n_batches": 4,
    "paths_per_batch": 500,
    "ev_mean": 0.0714107814991229,
    "ev_std": 0.04918091737687095,
    "ev_5th_percentile": 0.0055386923818086225,
    "pop_mean": 0.59,
    "cvar_mean": -1.7625185582842073,
    "cvar_worst": -1.7826785997311054
  },
  "distribution_percentiles": {
    "p1": -1.7650596637206706,
    "p5": -1.7603083546222869,
    "p10": -1.7583782419398266,
    "p25": -1.7458675220470414,
    "p50": 1.258068410910273,
    "p75": 1.2603571219125862,
    "p90": 1.2603571219125862,
    "p95": 1.2603571219125862,
    "p99": 1.2603571219125862
  },
  "sensitivity": {
    "wide_spread_slippage_ev": 0.06236184572231215,
    "wide_spread_slippage_pop": 0.5894999999999999,
    "wide_spread_slippage_cvar95": -1.7818549464677258,
    "ev_delta_real_to_stress": -0.009048935776810756
  },
  "friction_hurdle": {
    "ev_mid": 0.07754622924012475,
    "ev_real": 0.0714107814991229,
    "ev_stress": 0.06236184572231215,
    "delta_ev_real": -0.006135447741001845,
    "delta_ev_stress": -0.015184383517812601,
    "ev_mid_R": 0.04379869635758896,
    "ev_real_R": 0.04033334910267758,
    "ev_stress_R": 0.035222441785435855
  },
  "breakevens": [],
  "edge_attribution": {
    "iv_rich_vs_rv": 0.029652986645886614,
    "mean_reversion_regime_probability": 1.0,
    "structure_expected_move_match": 0.0,
    "explainable": false
  },
  "gates": {
    "regime": "mean_revert|vol_contracting",
    "ev_threshold_R": 0.05,
    "cvar_threshold_R": -1.0,
    "ev_gate": false,
    "ev_ci_gate": false,
    "cvar_gate": true,
    "cvar_worst_gate": false,
    "pop_or_pot": true,
    "slippage_sensitivity_ok": true,
    "stress_ev_not_catastrophic": true,
    "allow_trade": false
  }
}