{
  "assumptions": {
    "model": "jump",
    "spot": 690.0,
    "r": 0.03,
    "q": 0.0,
    "expiry_years": 0.00821917808219178,
    "n_paths": 5000,
    "n_batches": 10,
    "paths_per_batch": 500,
    "dt": 0.000684931506849315,
    "seed": 3019,
    "strategy": "put_diagonal",
    "legs": [
      {
        "side": "short",
        "option_type": "put",
        "strike": 690,
        "qty": 1,
        "expiry_years": 0.003287671232876712
      },
      {
        "side": "long",
        "option_type": "put",
        "strike": 687,
        "qty": 1,
        "expiry_years": 0.00821917808219178
      }
    ],
    "snapshot_file": null,
    "event_risk_high": false
  },
  "randomness_policy": {
    "comparison_mode": "paired",
    "base_seed": 3019,
    "sensitivity_seed": 3019,
    "crn_scope": "same_model_same_structure_friction_only",
    "cross_model_or_cross_structure": "unpaired_independent_seeds_required"
  },
  "calibration": {
    "iv_atm": 0.25,
    "skew": -0.25,
    "curv": 0.1,
    "term": 0.0,
    "rv10": null,
    "rv20": null,
    "jump": {
      "mu": 0.03,
      "sigma": 0.25,
      "jump_lambda": 0.25,
      "jump_mu": -0.06,
      "jump_sigma": 0.2
    }
  },
  "regime_distribution": {
    "mean_revert|vol_contracting": 1.0,
    "dominant": "mean_revert|vol_contracting"
  },
  "stress": {
    "spread_bps": 25.0,
    "slippage_bps": 8.0,
    "partial_fill_prob": 0.1
  },
  "metrics": {
    "ev": 0.2799876520946941,
    "pop": 0.638,
    "pot": 1.0,
    "profit_factor": 1.577949999058313,
    "avg_win": 1.1981775280183709,
    "avg_loss": -1.3382585933177522,
    "expectancy": 0.2799876520946944,
    "var95": -1.686138467552377,
    "cvar95": -1.6921244902448596,
    "tail_p1": -1.694804035978134,
    "min_pl": -1.7026488426245736,
    "max_pl": 1.3415225679547969
  },
  "multi_seed_confidence": {
    "n_batches": 10,
    "paths_per_batch": 500,
    "n_total_paths": 5000,
    "ev_mean": 0.22215717322212925,
    "ev_std": 0.051511364228951265,
    "ev_5th_percentile": 0.1465610374235785,
    "pop_mean": 0.6144,
    "cvar_mean": -1.6973700697715142,
    "cvar_worst": -1.7468975824933222
  },
  "distribution_percentiles": {
    "p1": -1.694804035978134,
    "p5": -1.686138467552377,
    "p10": -1.6818284525498008,
    "p25": -1.3407643106338363,
    "p50": 1.271535812646428,
    "p75": 1.3415225679547969,
    "p90": 1.3415225679547969,
    "p95": 1.3415225679547969,
    "p99": 1.3415225679547969
  },
  "sensitivity": {
    "wide_spread_slippage_ev": 0.2023100645610894,
    "wide_spread_slippage_pop": 0.6138,
    "wide_spread_slippage_cvar95": -1.7391615209675417,
    "ev_delta_real_to_stress": -0.019847108661039836
  },
  "friction_hurdle": {
    "ev_mid": 0.23814827166572256,
    "ev_real": 0.22215717322212925,
    "ev_stress": 0.2023100645610894,
    "delta_ev_real": -0.01599109844359331,
    "delta_ev_stress": -0.035838207104633146,
    "ev_mid_R": 0.13986928232284546,
    "ev_real_R": 0.13047738773879042,
    "ev_stress_R": 0.11882078059574253
  },
  "breakevens": [],
  "edge_attribution": {
    "iv_rich_vs_rv": null,
    "mean_reversion_regime_probability": 1.0,
    "structure_expected_move_match": 0.0,
    "signals_present": 2,
    "signals_pass": 1,
    "thresholds": {
      "regime_prob_min": 0.2,
      "structure_match_min": 0.05,
      "min_signals_pass": 2
    },
    "explainable": false
  },
  "gates": {
    "regime": "mean_revert|vol_contracting",
    "ev_threshold_R": 0.05,
    "cvar_threshold_R": -1.0,
    "ev_gate": true,
    "ev_ci_gate": true,
    "cvar_gate": true,
    "cvar_worst_gate": false,
    "pop_or_pot": true,
    "slippage_sensitivity_ok": true,
    "stress_ev_not_catastrophic": true,
    "allow_trade": false
  }
}