{
  "assumptions": {
    "model": "heston",
    "spot": 682.92,
    "r": 0.03,
    "q": 0.0,
    "expiry_years": 0.07123287671232877,
    "n_paths": 5000,
    "n_batches": 4,
    "paths_per_batch": 400,
    "dt": 0.00209508460918614,
    "seed": 11,
    "strategy": "put_calendar",
    "legs": [
      {
        "side": "short",
        "option_type": "put",
        "strike": 683,
        "qty": 1,
        "expiry_years": 0.02849315068493151
      },
      {
        "side": "long",
        "option_type": "put",
        "strike": 683,
        "qty": 1,
        "expiry_years": 0.07123287671232877
      }
    ],
    "snapshot_file": "snapshots/spy_mc_snapshot_20260224.json",
    "event_risk_high": false
  },
  "randomness_policy": {
    "comparison_mode": "paired",
    "base_seed": 11,
    "sensitivity_seed": 11,
    "crn_scope": "same_model_same_structure_friction_only",
    "cross_model_or_cross_structure": "unpaired_independent_seeds_required"
  },
  "calibration": {
    "iv_atm": 0.19510896967482647,
    "skew": 0.011309538277646799,
    "curv": 6.447950056132601,
    "term": 0.052073584954025,
    "rv10": 0.1466850051739489,
    "rv20": 0.16594477577191283,
    "jump": {
      "mu": 0.03,
      "sigma": 0.14538502650882348,
      "jump_lambda": 23.86538461538462,
      "jump_mu": -0.005711059482233119,
      "jump_sigma": 0.017595225531969357
    }
  },
  "regime_distribution": {
    "mean_revert|vol_contracting": 0.39,
    "mean_revert|vol_expanding": 0.24,
    "trend|vol_contracting": 0.19333333333333333,
    "trend|vol_expanding": 0.17666666666666667,
    "dominant": "mean_revert|vol_contracting"
  },
  "stress": {
    "spread_bps": 20.0,
    "slippage_bps": 5.0,
    "partial_fill_prob": 0.05
  },
  "metrics": {
    "ev": -0.049759773345611887,
    "pop": 0.0,
    "pot": 1.0,
    "profit_factor": 0.0,
    "avg_win": 0.0,
    "avg_loss": -0.049759773345611887,
    "expectancy": -0.049759773345611887,
    "var95": -0.07233484685635912,
    "cvar95": -0.08127436258590182,
    "tail_p1": -0.08618162506784047,
    "min_pl": -0.10502162591290798,
    "max_pl": -0.038509699222648214
  },
  "multi_seed_confidence": {
    "n_batches": 4,
    "paths_per_batch": 400,
    "ev_mean": -0.05015430970299498,
    "ev_std": 0.0005058250922282355,
    "ev_5th_percentile": -0.050762616972429696,
    "pop_mean": 0.0,
    "cvar_mean": -0.08158260154401833,
    "cvar_worst": -0.14439079731733367
  },
  "distribution_percentiles": {
    "p1": -0.08618162506784047,
    "p5": -0.07233484685635912,
    "p10": -0.0638860980208074,
    "p25": -0.057358824264753805,
    "p50": -0.05182705526754755,
    "p75": -0.038509699222648214,
    "p90": -0.038509699222648214,
    "p95": -0.038509699222648214,
    "p99": -0.038509699222648214
  },
  "sensitivity": {
    "wide_spread_slippage_ev": -0.08729713767208605,
    "wide_spread_slippage_pop": 0.0,
    "wide_spread_slippage_cvar95": -0.14241277788657253,
    "ev_delta_real_to_stress": -0.03714282796909107
  },
  "friction_hurdle": {
    "ev_mid": -0.012447837814985074,
    "ev_real": -0.05015430970299498,
    "ev_stress": -0.08729713767208605,
    "delta_ev_real": -0.03770647188800991,
    "delta_ev_stress": -0.07484929985710098,
    "ev_mid_R": -0.11852642450334734,
    "ev_real_R": -0.47756173328136053,
    "ev_stress_R": -0.8312301101154115
  },
  "breakevens": [],
  "edge_attribution": {
    "iv_rich_vs_rv": 0.029164193902913638,
    "mean_reversion_regime_probability": 0.39,
    "structure_expected_move_match": 0.0,
    "explainable": false
  },
  "gates": {
    "regime": "mean_revert|vol_contracting",
    "ev_threshold_R": 0.05,
    "cvar_threshold_R": -1.0,
    "ev_gate": false,
    "ev_ci_gate": false,
    "cvar_gate": true,
    "cvar_worst_gate": false,
    "pop_or_pot": true,
    "slippage_sensitivity_ok": false,
    "stress_ev_not_catastrophic": false,
    "allow_trade": false
  }
}