{
  "generated_at": "2026-03-06T22:12:07.595823+00:00",
  "config_hash": "ad0c507b6f7be165f440627a83d75fc0724365e100a2389ccf9c72e29c0b2f58",
  "n_batches": 10,
  "paths_per_batch": 500,
  "n_total_paths": 5000,
  "base_seed": 3019,
  "crn_scope": "same_model_same_structure_friction_only",
  "assumptions": {
    "model": "jump",
    "spot": 672.57,
    "r": 0.03,
    "q": 0.0,
    "expiry_years": 0.019178082191780823,
    "n_paths": 5000,
    "n_batches": 10,
    "paths_per_batch": 500,
    "dt": 0.0006849315068493151,
    "seed": 3019,
    "strategy": "put_diagonal",
    "legs": [
      {
        "side": "short",
        "option_type": "put",
        "strike": 673,
        "qty": 1,
        "expiry_years": 0.0076712328767123295
      },
      {
        "side": "long",
        "option_type": "put",
        "strike": 670,
        "qty": 1,
        "expiry_years": 0.019178082191780823
      }
    ],
    "snapshot_file": null,
    "event_risk_high": false
  },
  "randomness_policy": {
    "comparison_mode": "paired",
    "base_seed": 3019,
    "sensitivity_seed": 3019,
    "crn_scope": "same_model_same_structure_friction_only",
    "cross_model_or_cross_structure": "unpaired_independent_seeds_required"
  },
  "calibration": {
    "iv_atm": 0.25,
    "skew": -0.25,
    "curv": 0.1,
    "term": 0.0,
    "rv10": null,
    "rv20": null,
    "jump": {
      "mu": 0.03,
      "sigma": 0.25,
      "jump_lambda": 0.25,
      "jump_mu": -0.06,
      "jump_sigma": 0.2
    }
  },
  "regime_distribution": {
    "mean_revert|vol_expanding": 0.21,
    "trend|vol_contracting": 0.19666666666666666,
    "trend|vol_expanding": 0.14666666666666667,
    "mean_revert|vol_contracting": 0.44666666666666666,
    "dominant": "mean_revert|vol_contracting"
  },
  "stress": {
    "spread_bps": 30.0,
    "slippage_bps": 8.0,
    "partial_fill_prob": 0.1
  },
  "metrics": {
    "ev": 0.2016963274419544,
    "pop": 0.606,
    "pot": 1.0,
    "profit_factor": 1.3689315571096543,
    "avg_win": 1.234983902011013,
    "avg_loss": -1.3875733938495414,
    "expectancy": 0.20169632744195454,
    "var95": -1.6650927195816372,
    "cvar95": -1.6741393010458068,
    "tail_p1": -1.678723404847679,
    "min_pl": -1.699450236161275,
    "max_pl": 1.369217753253945
  },
  "multi_seed_confidence": {
    "n_batches": 10,
    "paths_per_batch": 500,
    "n_total_paths": 5000,
    "ev_mean": 0.14635743841724153,
    "ev_std": 0.07569846863467034,
    "ev_5th_percentile": 0.008374758134255457,
    "pop_mean": 0.5835999999999999,
    "cvar_mean": -1.6738076845800562,
    "cvar_worst": -1.737539557795791
  },
  "distribution_percentiles": {
    "p1": -1.678723404847679,
    "p5": -1.6650927195816372,
    "p10": -1.6578088623650535,
    "p25": -1.6483568881005382,
    "p50": 1.262241845700205,
    "p75": 1.369217753253945,
    "p90": 1.369217753253945,
    "p95": 1.369217753253945,
    "p99": 1.369217753253945
  },
  "sensitivity": {
    "wide_spread_slippage_ev": 0.1117495718101543,
    "wide_spread_slippage_pop": 0.5813999999999999,
    "wide_spread_slippage_cvar95": -1.7321653556383758,
    "ev_delta_real_to_stress": -0.03460786660708723
  },
  "friction_hurdle": {
    "ev_mid": 0.18056605327291914,
    "ev_real": 0.14635743841724153,
    "ev_stress": 0.1117495718101543,
    "delta_ev_real": -0.03420861485567761,
    "delta_ev_stress": -0.06881648146276484,
    "ev_mid_R": 0.10624968559290235,
    "ev_real_R": 0.08612046137216367,
    "ev_stress_R": 0.06575630720589658
  },
  "breakevens": [],
  "edge_attribution": {
    "iv_rich_vs_rv": null,
    "mean_reversion_regime_probability": 0.44666666666666666,
    "structure_expected_move_match": 0.0,
    "signals_present": 2,
    "signals_pass": 1,
    "thresholds": {
      "regime_prob_min": 0.2,
      "structure_match_min": 0.05,
      "min_signals_pass": 2
    },
    "explainable": false
  },
  "gates": {
    "regime": "mean_revert|vol_contracting",
    "ev_threshold_R": 0.05,
    "cvar_threshold_R": -1.0,
    "ev_gate": true,
    "ev_ci_gate": false,
    "cvar_gate": true,
    "cvar_worst_gate": false,
    "pop_or_pot": true,
    "slippage_sensitivity_ok": true,
    "stress_ev_not_catastrophic": true,
    "allow_trade": false
  }
}