{
  "assumptions": {
    "model": "jump",
    "spot": 690.0,
    "r": 0.03,
    "q": 0.0,
    "expiry_years": 0.005479452054794521,
    "n_paths": 5000,
    "n_batches": 10,
    "paths_per_batch": 500,
    "dt": 0.0006849315068493151,
    "seed": 3019,
    "strategy": "put_diagonal",
    "legs": [
      {
        "side": "short",
        "option_type": "put",
        "strike": 690,
        "qty": 1,
        "expiry_years": 0.0027397260273972603
      },
      {
        "side": "long",
        "option_type": "put",
        "strike": 687,
        "qty": 1,
        "expiry_years": 0.005479452054794521
      }
    ],
    "snapshot_file": null,
    "event_risk_high": false
  },
  "randomness_policy": {
    "comparison_mode": "paired",
    "base_seed": 3019,
    "sensitivity_seed": 3019,
    "crn_scope": "same_model_same_structure_friction_only",
    "cross_model_or_cross_structure": "unpaired_independent_seeds_required"
  },
  "calibration": {
    "iv_atm": 0.25,
    "skew": -0.25,
    "curv": 0.1,
    "term": 0.0,
    "rv10": null,
    "rv20": null,
    "jump": {
      "mu": 0.03,
      "sigma": 0.25,
      "jump_lambda": 0.25,
      "jump_mu": -0.06,
      "jump_sigma": 0.2
    }
  },
  "regime_distribution": {
    "mean_revert|vol_contracting": 1.0,
    "dominant": "mean_revert|vol_contracting"
  },
  "stress": {
    "spread_bps": 25.0,
    "slippage_bps": 8.0,
    "partial_fill_prob": 0.1
  },
  "metrics": {
    "ev": 0.22390783478705792,
    "pop": 0.616,
    "pot": 0.972,
    "profit_factor": 1.436459027770211,
    "avg_win": 1.1962951452454431,
    "avg_loss": -1.3359634757399348,
    "expectancy": 0.2239078347870579,
    "var95": -1.7006670175595542,
    "cvar95": -1.7232930696071507,
    "tail_p1": -1.7429559395480754,
    "min_pl": -1.7634019259975613,
    "max_pl": 1.3252368706793543
  },
  "multi_seed_confidence": {
    "n_batches": 10,
    "paths_per_batch": 500,
    "n_total_paths": 5000,
    "ev_mean": 0.21378085990951665,
    "ev_std": 0.042218540769303814,
    "ev_5th_percentile": 0.15778420233479235,
    "pop_mean": 0.6185999999999999,
    "cvar_mean": -1.7227353220813968,
    "cvar_worst": -1.790763662634449
  },
  "distribution_percentiles": {
    "p1": -1.7429559395480754,
    "p5": -1.7006670175595542,
    "p10": -1.6975657183542858,
    "p25": -1.3803450034915912,
    "p50": 1.2346648792508659,
    "p75": 1.3252368706793543,
    "p90": 1.3252368706793543,
    "p95": 1.3252368706793543,
    "p99": 1.3252368706793543
  },
  "sensitivity": {
    "wide_spread_slippage_ev": 0.19808299511516164,
    "wide_spread_slippage_pop": 0.6175999999999999,
    "wide_spread_slippage_cvar95": -1.7661840594174414,
    "ev_delta_real_to_stress": -0.015697864794355004
  },
  "friction_hurdle": {
    "ev_mid": 0.22572824115481488,
    "ev_real": 0.21378085990951665,
    "ev_stress": 0.19808299511516164,
    "delta_ev_real": -0.011947381245298233,
    "delta_ev_stress": -0.027645246039653237,
    "ev_mid_R": 0.12800725564996748,
    "ev_real_R": 0.12123206669890656,
    "ev_stress_R": 0.11233003219223862
  },
  "breakevens": [],
  "edge_attribution": {
    "iv_rich_vs_rv": null,
    "mean_reversion_regime_probability": 1.0,
    "structure_expected_move_match": 0.0,
    "signals_present": 2,
    "signals_pass": 1,
    "thresholds": {
      "regime_prob_min": 0.2,
      "structure_match_min": 0.05,
      "min_signals_pass": 2
    },
    "explainable": false
  },
  "gates": {
    "regime": "mean_revert|vol_contracting",
    "ev_threshold_R": 0.05,
    "cvar_threshold_R": -1.0,
    "ev_gate": true,
    "ev_ci_gate": true,
    "cvar_gate": true,
    "cvar_worst_gate": false,
    "pop_or_pot": true,
    "slippage_sensitivity_ok": true,
    "stress_ev_not_catastrophic": true,
    "allow_trade": false
  }
}