{
  "generated_at": "2026-03-06T20:12:04.550466+00:00",
  "config_hash": "9334af214393f9747f4062c13c7edb34b531ee26af7fa62083c5ec65e297e165",
  "n_batches": 10,
  "paths_per_batch": 500,
  "n_total_paths": 5000,
  "base_seed": 3019,
  "crn_scope": "same_model_same_structure_friction_only",
  "assumptions": {
    "model": "jump",
    "spot": 674.685,
    "r": 0.03,
    "q": 0.0,
    "expiry_years": 0.019178082191780823,
    "n_paths": 5000,
    "n_batches": 10,
    "paths_per_batch": 500,
    "dt": 0.0006849315068493151,
    "seed": 3019,
    "strategy": "put_diagonal",
    "legs": [
      {
        "side": "short",
        "option_type": "put",
        "strike": 675,
        "qty": 1,
        "expiry_years": 0.0076712328767123295
      },
      {
        "side": "long",
        "option_type": "put",
        "strike": 672,
        "qty": 1,
        "expiry_years": 0.019178082191780823
      }
    ],
    "snapshot_file": null,
    "event_risk_high": false
  },
  "randomness_policy": {
    "comparison_mode": "paired",
    "base_seed": 3019,
    "sensitivity_seed": 3019,
    "crn_scope": "same_model_same_structure_friction_only",
    "cross_model_or_cross_structure": "unpaired_independent_seeds_required"
  },
  "calibration": {
    "iv_atm": 0.25,
    "skew": -0.25,
    "curv": 0.1,
    "term": 0.0,
    "rv10": null,
    "rv20": null,
    "jump": {
      "mu": 0.03,
      "sigma": 0.25,
      "jump_lambda": 0.25,
      "jump_mu": -0.06,
      "jump_sigma": 0.2
    }
  },
  "regime_distribution": {
    "mean_revert|vol_expanding": 0.21,
    "trend|vol_contracting": 0.19666666666666666,
    "trend|vol_expanding": 0.14666666666666667,
    "mean_revert|vol_contracting": 0.44666666666666666,
    "dominant": "mean_revert|vol_contracting"
  },
  "stress": {
    "spread_bps": 30.0,
    "slippage_bps": 8.0,
    "partial_fill_prob": 0.1
  },
  "metrics": {
    "ev": 0.22283370359663887,
    "pop": 0.612,
    "pot": 1.0,
    "profit_factor": 1.4162228459404753,
    "avg_win": 1.2388968192459477,
    "avg_loss": -1.3798225509842295,
    "expectancy": 0.222833703596639,
    "var95": -1.6702421670172143,
    "cvar95": -1.6792922197989035,
    "tail_p1": -1.6838851202744223,
    "min_pl": -1.7046710476850828,
    "max_pl": 1.363646980559785
  },
  "multi_seed_confidence": {
    "n_batches": 10,
    "paths_per_batch": 500,
    "n_total_paths": 5000,
    "ev_mean": 0.16943362439778498,
    "ev_std": 0.0748684668418708,
    "ev_5th_percentile": 0.0325680872190114,
    "pop_mean": 0.593,
    "cvar_mean": -1.6789530242631092,
    "cvar_worst": -1.7422968573390585
  },
  "distribution_percentiles": {
    "p1": -1.6838851202744223,
    "p5": -1.6702421670172143,
    "p10": -1.6630763949833145,
    "p25": -1.651010579322969,
    "p50": 1.317358091312872,
    "p75": 1.363646980559785,
    "p90": 1.363646980559785,
    "p95": 1.363646980559785,
    "p99": 1.363646980559785
  },
  "sensitivity": {
    "wide_spread_slippage_ev": 0.135052517255224,
    "wide_spread_slippage_pop": 0.5906,
    "wide_spread_slippage_cvar95": -1.7369020011715381,
    "ev_delta_real_to_stress": -0.034381107142560985
  },
  "friction_hurdle": {
    "ev_mid": 0.2034035857240236,
    "ev_real": 0.16943362439778498,
    "ev_stress": 0.135052517255224,
    "delta_ev_real": -0.03396996132623861,
    "delta_ev_stress": -0.0683510684687996,
    "ev_mid_R": 0.11932131187435989,
    "ev_real_R": 0.09939373618615348,
    "ev_stress_R": 0.07922497272340212
  },
  "breakevens": [],
  "edge_attribution": {
    "iv_rich_vs_rv": null,
    "mean_reversion_regime_probability": 0.44666666666666666,
    "structure_expected_move_match": 0.0,
    "signals_present": 2,
    "signals_pass": 1,
    "thresholds": {
      "regime_prob_min": 0.2,
      "structure_match_min": 0.05,
      "min_signals_pass": 2
    },
    "explainable": false
  },
  "gates": {
    "regime": "mean_revert|vol_contracting",
    "ev_threshold_R": 0.05,
    "cvar_threshold_R": -1.0,
    "ev_gate": true,
    "ev_ci_gate": false,
    "cvar_gate": true,
    "cvar_worst_gate": false,
    "pop_or_pot": true,
    "slippage_sensitivity_ok": true,
    "stress_ev_not_catastrophic": true,
    "allow_trade": false
  }
}