{
  "assumptions": {
    "model": "heston",
    "spot": 682.92,
    "r": 0.03,
    "q": 0.0,
    "expiry_years": 0.0136986301369863,
    "n_paths": 5000,
    "n_batches": 4,
    "paths_per_batch": 500,
    "dt": 0.00228310502283105,
    "seed": 21,
    "strategy": "iron_fly",
    "legs": [
      {
        "side": "short",
        "option_type": "call",
        "strike": 683,
        "qty": 1,
        "expiry_years": null
      },
      {
        "side": "short",
        "option_type": "put",
        "strike": 683,
        "qty": 1,
        "expiry_years": null
      },
      {
        "side": "long",
        "option_type": "call",
        "strike": 690,
        "qty": 1,
        "expiry_years": null
      },
      {
        "side": "long",
        "option_type": "put",
        "strike": 676,
        "qty": 1,
        "expiry_years": null
      }
    ],
    "snapshot_file": "snapshots/spy_mc_snapshot_20260224.json",
    "event_risk_high": false
  },
  "randomness_policy": {
    "comparison_mode": "paired",
    "base_seed": 21,
    "sensitivity_seed": 21,
    "crn_scope": "same_model_same_structure_friction_only",
    "cross_model_or_cross_structure": "unpaired_independent_seeds_required"
  },
  "calibration": {
    "iv_atm": 0.19510896967482647,
    "skew": 0.011309538277646799,
    "curv": 6.447950056132601,
    "term": 0.052073584954025,
    "rv10": 0.1405152818963433,
    "rv20": 0.1589649665905798,
    "jump": {
      "mu": 0.03,
      "sigma": 0.13926998168060065,
      "jump_lambda": 21.900000000000002,
      "jump_mu": -0.005711059482233119,
      "jump_sigma": 0.017595225531969357
    }
  },
  "regime_distribution": {
    "mean_revert|vol_contracting": 1.0,
    "dominant": "mean_revert|vol_contracting"
  },
  "stress": {
    "spread_bps": 10.0,
    "slippage_bps": 3.0,
    "partial_fill_prob": 0.03
  },
  "metrics": {
    "ev": -0.04628387200757432,
    "pop": 0.276,
    "pot": 0.15,
    "profit_factor": 0.9485125515738583,
    "avg_win": 3.0893158610421985,
    "avg_loss": -1.2416229967613552,
    "expectancy": -0.046283872007574334,
    "var95": -1.3040337423457264,
    "cvar95": -1.3175029850715427,
    "tail_p1": -1.3227899690966798,
    "min_pl": -1.364461392281859,
    "max_pl": 5.64301879976481
  },
  "multi_seed_confidence": {
    "n_batches": 4,
    "paths_per_batch": 500,
    "ev_mean": 0.012019710998618472,
    "ev_std": 0.04562326747655862,
    "ev_5th_percentile": -0.04209733415934298,
    "pop_mean": 0.293,
    "cvar_mean": -1.3149971446862456,
    "cvar_worst": -1.3654640643159428
  },
  "distribution_percentiles": {
    "p1": -1.3227899690966798,
    "p5": -1.3040337423457264,
    "p10": -1.2953820205623787,
    "p25": -1.282587878080892,
    "p50": -1.2739011628342274,
    "p75": 1.0093950316823421,
    "p90": 3.8408099867602563,
    "p95": 4.558490146551487,
    "p99": 5.489331920237279
  },
  "sensitivity": {
    "wide_spread_slippage_ev": -0.0036136561551237453,
    "wide_spread_slippage_pop": 0.293,
    "wide_spread_slippage_cvar95": -1.3608735323763508,
    "ev_delta_real_to_stress": -0.015633367153742216
  },
  "friction_hurdle": {
    "ev_mid": 0.0275325960197842,
    "ev_real": 0.012019710998618472,
    "ev_stress": -0.0036136561551237453,
    "delta_ev_real": -0.01551288502116573,
    "delta_ev_stress": -0.03114625217490795,
    "ev_mid_R": 0.020178362081568337,
    "ev_real_R": 0.008809125026628487,
    "ev_stress_R": -0.002648412168760922
  },
  "breakevens": [
    681.7583770032386,
    684.2416229967614
  ],
  "edge_attribution": {
    "iv_rich_vs_rv": 0.03614400308424667,
    "mean_reversion_regime_probability": 1.0,
    "structure_expected_move_match": 0.0744868423612769,
    "explainable": true
  },
  "gates": {
    "regime": "mean_revert|vol_contracting",
    "ev_threshold_R": 0.05,
    "cvar_threshold_R": -1.0,
    "ev_gate": false,
    "ev_ci_gate": false,
    "cvar_gate": true,
    "cvar_worst_gate": false,
    "pop_or_pot": false,
    "slippage_sensitivity_ok": true,
    "stress_ev_not_catastrophic": true,
    "allow_trade": false
  }
}