{
  "generated_at": "2026-03-06T15:00:19.195486+00:00",
  "config_hash": "e6a9e9b6afd00571fba4422deaa8bfa084f335ae6dd4d007d2e3676ed0074a15",
  "n_batches": 10,
  "paths_per_batch": 500,
  "n_total_paths": 5000,
  "base_seed": 3019,
  "crn_scope": "same_model_same_structure_friction_only",
  "assumptions": {
    "model": "jump",
    "spot": 671.845,
    "r": 0.03,
    "q": 0.0,
    "expiry_years": 0.019178082191780823,
    "n_paths": 5000,
    "n_batches": 10,
    "paths_per_batch": 500,
    "dt": 0.0006849315068493151,
    "seed": 3019,
    "strategy": "put_diagonal",
    "legs": [
      {
        "side": "short",
        "option_type": "put",
        "strike": 672,
        "qty": 1,
        "expiry_years": 0.0076712328767123295
      },
      {
        "side": "long",
        "option_type": "put",
        "strike": 669,
        "qty": 1,
        "expiry_years": 0.019178082191780823
      }
    ],
    "snapshot_file": null,
    "event_risk_high": false
  },
  "randomness_policy": {
    "comparison_mode": "paired",
    "base_seed": 3019,
    "sensitivity_seed": 3019,
    "crn_scope": "same_model_same_structure_friction_only",
    "cross_model_or_cross_structure": "unpaired_independent_seeds_required"
  },
  "calibration": {
    "iv_atm": 0.25,
    "skew": -0.25,
    "curv": 0.1,
    "term": 0.0,
    "rv10": null,
    "rv20": null,
    "jump": {
      "mu": 0.03,
      "sigma": 0.25,
      "jump_lambda": 0.25,
      "jump_mu": -0.06,
      "jump_sigma": 0.2
    }
  },
  "regime_distribution": {
    "mean_revert|vol_expanding": 0.21,
    "trend|vol_contracting": 0.19666666666666666,
    "trend|vol_expanding": 0.14666666666666667,
    "mean_revert|vol_contracting": 0.44666666666666666,
    "dominant": "mean_revert|vol_contracting"
  },
  "stress": {
    "spread_bps": 30.0,
    "slippage_bps": 8.0,
    "partial_fill_prob": 0.1
  },
  "metrics": {
    "ev": 0.25377276009478983,
    "pop": 0.632,
    "pot": 1.0,
    "profit_factor": 1.4895964618108561,
    "avg_win": 1.221682312958949,
    "avg_loss": -1.4085066893893097,
    "expectancy": 0.2537727600947898,
    "var95": -1.6772758671211248,
    "cvar95": -1.6862503280671504,
    "tail_p1": -1.6908126267588766,
    "min_pl": -1.7115100431315433,
    "max_pl": 1.3557326959766631
  },
  "multi_seed_confidence": {
    "n_batches": 10,
    "paths_per_batch": 500,
    "n_total_paths": 5000,
    "ev_mean": 0.20389631723290674,
    "ev_std": 0.07348985366581812,
    "ev_5th_percentile": 0.06936444157389524,
    "pop_mean": 0.6087999999999999,
    "cvar_mean": -1.6859072387655654,
    "cvar_worst": -1.7481152177656716
  },
  "distribution_percentiles": {
    "p1": -1.6908126267588766,
    "p5": -1.6772758671211248,
    "p10": -1.670418258581856,
    "p25": -1.6323966825368246,
    "p50": 1.3448973705577383,
    "p75": 1.3557326959766631,
    "p90": 1.3557326959766631,
    "p95": 1.3557326959766631,
    "p99": 1.3557326959766631
  },
  "sensitivity": {
    "wide_spread_slippage_ev": 0.17014708137730972,
    "wide_spread_slippage_pop": 0.6064,
    "wide_spread_slippage_cvar95": -1.7427362632012957,
    "ev_delta_real_to_stress": -0.033749235855597026
  },
  "friction_hurdle": {
    "ev_mid": 0.23712488009888308,
    "ev_real": 0.20389631723290674,
    "ev_stress": 0.17014708137730972,
    "delta_ev_real": -0.033228562865976335,
    "delta_ev_stress": -0.06697779872157336,
    "ev_mid_R": 0.13854717420472543,
    "ev_real_R": 0.119132410616673,
    "ev_stress_R": 0.09941342854523498
  },
  "breakevens": [],
  "edge_attribution": {
    "iv_rich_vs_rv": null,
    "mean_reversion_regime_probability": 0.44666666666666666,
    "structure_expected_move_match": 0.0,
    "signals_present": 2,
    "signals_pass": 1,
    "thresholds": {
      "regime_prob_min": 0.2,
      "structure_match_min": 0.05,
      "min_signals_pass": 2
    },
    "explainable": false
  },
  "gates": {
    "regime": "mean_revert|vol_contracting",
    "ev_threshold_R": 0.05,
    "cvar_threshold_R": -1.0,
    "ev_gate": true,
    "ev_ci_gate": true,
    "cvar_gate": true,
    "cvar_worst_gate": false,
    "pop_or_pot": true,
    "slippage_sensitivity_ok": true,
    "stress_ev_not_catastrophic": true,
    "allow_trade": false
  }
}