{
  "assumptions": {
    "model": "jump",
    "spot": 690.0,
    "r": 0.03,
    "q": 0.0,
    "expiry_years": 0.0136986301369863,
    "n_paths": 5000,
    "n_batches": 10,
    "paths_per_batch": 700,
    "dt": 0.0006849315068493151,
    "seed": 1002,
    "strategy": "iron_fly",
    "legs": [
      {
        "side": "short",
        "option_type": "call",
        "strike": 690,
        "qty": 1,
        "expiry_years": null
      },
      {
        "side": "short",
        "option_type": "put",
        "strike": 690,
        "qty": 1,
        "expiry_years": null
      },
      {
        "side": "long",
        "option_type": "call",
        "strike": 697,
        "qty": 1,
        "expiry_years": null
      },
      {
        "side": "long",
        "option_type": "put",
        "strike": 683,
        "qty": 1,
        "expiry_years": null
      }
    ],
    "snapshot_file": null,
    "event_risk_high": false
  },
  "randomness_policy": {
    "comparison_mode": "paired",
    "base_seed": 1002,
    "sensitivity_seed": 1002,
    "crn_scope": "same_model_same_structure_friction_only",
    "cross_model_or_cross_structure": "unpaired_independent_seeds_required"
  },
  "calibration": {
    "iv_atm": 0.25,
    "skew": -0.25,
    "curv": 0.1,
    "term": 0.0,
    "rv10": null,
    "rv20": null,
    "jump": {
      "mu": 0.03,
      "sigma": 0.25,
      "jump_lambda": 0.25,
      "jump_mu": -0.06,
      "jump_sigma": 0.2
    }
  },
  "regime_distribution": {
    "mean_revert|vol_contracting": 1.0,
    "dominant": "mean_revert|vol_contracting"
  },
  "stress": {
    "spread_bps": 30.0,
    "slippage_bps": 8.0,
    "partial_fill_prob": 0.1
  },
  "metrics": {
    "ev": -0.036732393275069275,
    "pop": 0.24285714285714285,
    "pot": 0.005714285714285714,
    "profit_factor": 0.954288926698472,
    "avg_win": 3.1575977927601673,
    "avg_loss": -1.0613288680410888,
    "expectancy": -0.0367323932750695,
    "var95": -1.1817651623314311,
    "cvar95": -1.2217250206362205,
    "tail_p1": -1.2303450569682552,
    "min_pl": -1.3909970194878474,
    "max_pl": 5.8666873328523845
  },
  "multi_seed_confidence": {
    "n_batches": 10,
    "paths_per_batch": 700,
    "ev_mean": -0.09621842791693523,
    "ev_std": 0.0664966317960552,
    "ev_5th_percentile": -0.1902871306578099,
    "pop_mean": 0.2378571428571429,
    "cvar_mean": -1.244456326728978,
    "cvar_worst": -1.5381305154252354
  },
  "distribution_percentiles": {
    "p1": -1.2303450569682552,
    "p5": -1.1817651623314311,
    "p10": -1.1501540312321157,
    "p25": -1.1092089295861602,
    "p50": -1.06822226427485,
    "p75": -0.13375605577660443,
    "p90": 3.8422351696766595,
    "p95": 4.854928355417093,
    "p99": 5.824248003763007
  },
  "sensitivity": {
    "wide_spread_slippage_ev": -0.1879051162837144,
    "wide_spread_slippage_pop": 0.23614285714285713,
    "wide_spread_slippage_cvar95": -1.4590967734216913,
    "ev_delta_real_to_stress": -0.09168668836677916
  },
  "friction_hurdle": {
    "ev_mid": -0.001237180787400763,
    "ev_real": -0.09621842791693523,
    "ev_stress": -0.1879051162837144,
    "delta_ev_real": -0.09498124712953447,
    "delta_ev_stress": -0.18666793549631364,
    "ev_mid_R": -0.0008894201569578358,
    "ev_real_R": -0.06917227468421319,
    "ev_stress_R": -0.13508664192026765
  },
  "breakevens": [
    688.9386711319589,
    691.0613288680411
  ],
  "edge_attribution": {
    "iv_rich_vs_rv": null,
    "mean_reversion_regime_probability": 1.0,
    "structure_expected_move_match": 0.05256810332496553,
    "explainable": false
  },
  "gates": {
    "regime": "mean_revert|vol_contracting",
    "ev_threshold_R": 0.05,
    "cvar_threshold_R": -1.0,
    "ev_gate": false,
    "ev_ci_gate": false,
    "cvar_gate": true,
    "cvar_worst_gate": false,
    "pop_or_pot": false,
    "slippage_sensitivity_ok": true,
    "stress_ev_not_catastrophic": true,
    "allow_trade": false
  }
}