{
  "assumptions": {
    "model": "jump",
    "spot": 690.0,
    "r": 0.03,
    "q": 0.0,
    "expiry_years": 0.0136986301369863,
    "n_paths": 5000,
    "n_batches": 5,
    "paths_per_batch": 400,
    "dt": 0.0006849315068493151,
    "seed": 2003,
    "strategy": "iron_fly",
    "legs": [
      {
        "side": "short",
        "option_type": "call",
        "strike": 690,
        "qty": 1,
        "expiry_years": null
      },
      {
        "side": "short",
        "option_type": "put",
        "strike": 690,
        "qty": 1,
        "expiry_years": null
      },
      {
        "side": "long",
        "option_type": "call",
        "strike": 697,
        "qty": 1,
        "expiry_years": null
      },
      {
        "side": "long",
        "option_type": "put",
        "strike": 683,
        "qty": 1,
        "expiry_years": null
      }
    ],
    "snapshot_file": null,
    "event_risk_high": false
  },
  "randomness_policy": {
    "comparison_mode": "paired",
    "base_seed": 2003,
    "sensitivity_seed": 2003,
    "crn_scope": "same_model_same_structure_friction_only",
    "cross_model_or_cross_structure": "unpaired_independent_seeds_required"
  },
  "calibration": {
    "iv_atm": 0.25,
    "skew": -0.25,
    "curv": 0.1,
    "term": 0.0,
    "rv10": null,
    "rv20": null,
    "jump": {
      "mu": 0.03,
      "sigma": 0.25,
      "jump_lambda": 0.25,
      "jump_mu": -0.06,
      "jump_sigma": 0.2
    }
  },
  "regime_distribution": {
    "mean_revert|vol_contracting": 1.0,
    "dominant": "mean_revert|vol_contracting"
  },
  "stress": {
    "spread_bps": 30.0,
    "slippage_bps": 8.0,
    "partial_fill_prob": 0.1
  },
  "metrics": {
    "ev": -0.15916656634619472,
    "pop": 0.2075,
    "pot": 0.0075,
    "profit_factor": 0.8109639104903859,
    "avg_win": 3.290717110660441,
    "avg_loss": -1.0624484123763231,
    "expectancy": -0.15916656634619453,
    "var95": -1.1780890825625518,
    "cvar95": -1.209006010897872,
    "tail_p1": -1.2257099939492653,
    "min_pl": -1.2526664712621676,
    "max_pl": 5.829336545648384
  },
  "multi_seed_confidence": {
    "n_batches": 5,
    "paths_per_batch": 400,
    "ev_mean": -0.08547091151938409,
    "ev_std": 0.0541157984968051,
    "ev_5th_percentile": -0.15572134163060608,
    "pop_mean": 0.2345,
    "cvar_mean": -1.2333645353001448,
    "cvar_worst": -1.4665290731062322
  },
  "distribution_percentiles": {
    "p1": -1.2257099939492653,
    "p5": -1.1780890825625518,
    "p10": -1.1538097199365198,
    "p25": -1.1102100759751194,
    "p50": -1.0653292300701267,
    "p75": -0.9807034853914647,
    "p90": 3.531790060246559,
    "p95": 4.601733670764589,
    "p99": 5.796321277666958
  },
  "sensitivity": {
    "wide_spread_slippage_ev": -0.17654577726369095,
    "wide_spread_slippage_pop": 0.23349999999999999,
    "wide_spread_slippage_cvar95": -1.440549907235198,
    "ev_delta_real_to_stress": -0.09107486574430686
  },
  "friction_hurdle": {
    "ev_mid": 0.0084869038140831,
    "ev_real": -0.08547091151938409,
    "ev_stress": -0.17654577726369095,
    "delta_ev_real": -0.09395781533346718,
    "delta_ev_stress": -0.18503268107777404,
    "ev_mid_R": 0.00677507062636699,
    "ev_real_R": -0.06823118003091828,
    "ev_stress_R": -0.14093598041768143
  },
  "breakevens": [
    688.9375515876237,
    691.0624484123763
  ],
  "edge_attribution": {
    "iv_rich_vs_rv": null,
    "mean_reversion_regime_probability": 1.0,
    "structure_expected_move_match": 0.05262355486695436,
    "explainable": false
  },
  "gates": {
    "regime": "mean_revert|vol_contracting",
    "ev_threshold_R": 0.05,
    "cvar_threshold_R": -1.0,
    "ev_gate": false,
    "ev_ci_gate": false,
    "cvar_gate": true,
    "cvar_worst_gate": false,
    "pop_or_pot": false,
    "slippage_sensitivity_ok": true,
    "stress_ev_not_catastrophic": true,
    "allow_trade": false
  }
}