{
  "assumptions": {
    "model": "jump",
    "spot": 682.92,
    "r": 0.03,
    "q": 0.0,
    "expiry_years": 0.07123287671232877,
    "n_paths": 5000,
    "n_batches": 10,
    "paths_per_batch": 1000,
    "dt": 0.0013698630136986301,
    "seed": 42,
    "strategy": "put_debit_spread",
    "legs": [
      {
        "side": "long",
        "option_type": "put",
        "strike": 683,
        "qty": 1,
        "expiry_years": null
      },
      {
        "side": "short",
        "option_type": "put",
        "strike": 681,
        "qty": 1,
        "expiry_years": null
      }
    ],
    "snapshot_file": "snapshots/spy_mc_snapshot_20260224.json",
    "event_risk_high": false
  },
  "randomness_policy": {
    "comparison_mode": "paired",
    "base_seed": 42,
    "sensitivity_seed": 42,
    "crn_scope": "same_model_same_structure_friction_only",
    "cross_model_or_cross_structure": "unpaired_independent_seeds_required"
  },
  "calibration": {
    "iv_atm": 0.19510896967482647,
    "skew": 0.011309538277646799,
    "curv": 6.447950056132601,
    "term": 0.052073584954025,
    "rv10": 0.18140444889072602,
    "rv20": 0.2052228894119113,
    "jump": {
      "mu": 0.03,
      "sigma": 0.17979677322519277,
      "jump_lambda": 36.5,
      "jump_mu": -0.005711059482233119,
      "jump_sigma": 0.017595225531969357
    }
  },
  "regime_distribution": {
    "trend|vol_expanding": 0.12666666666666668,
    "trend|vol_contracting": 0.24333333333333335,
    "mean_revert|vol_contracting": 0.39,
    "mean_revert|vol_expanding": 0.24,
    "dominant": "mean_revert|vol_contracting"
  },
  "stress": {
    "spread_bps": 30.0,
    "slippage_bps": 8.0,
    "partial_fill_prob": 0.1
  },
  "metrics": {
    "ev": -0.33546812914966256,
    "pop": 0.374,
    "pot": 0.374,
    "profit_factor": 0.4797563330410447,
    "avg_win": 0.8271677216433333,
    "avg_loss": -1.0300780463965964,
    "expectancy": -0.3354681291496626,
    "var95": -1.0378122325216945,
    "cvar95": -1.0382684016696493,
    "tail_p1": -1.0378122325216945,
    "min_pl": -1.0464730463328311,
    "max_pl": 0.9418726598711797
  },
  "multi_seed_confidence": {
    "n_batches": 10,
    "paths_per_batch": 1000,
    "ev_mean": -0.3361040883608303,
    "ev_std": 0.01858914469710326,
    "ev_5th_percentile": -0.3654813623105272,
    "pop_mean": 0.3733,
    "cvar_mean": -1.0388231811538735,
    "cvar_worst": -1.095264652015007
  },
  "distribution_percentiles": {
    "p1": -1.0378122325216945,
    "p5": -1.0378122325216945,
    "p10": -1.0371920438319981,
    "p25": -1.0285312300208616,
    "p50": -1.0285312300208616,
    "p75": 0.8151223159803762,
    "p90": 0.8585494175855848,
    "p95": 0.878961812555423,
    "p99": 0.9158653603515049
  },
  "sensitivity": {
    "wide_spread_slippage_ev": -0.4851761022583226,
    "wide_spread_slippage_pop": 0.34020000000000006,
    "wide_spread_slippage_cvar95": -1.0932040919359751,
    "ev_delta_real_to_stress": -0.1490720138974923
  },
  "friction_hurdle": {
    "ev_mid": -0.1516428573899146,
    "ev_real": -0.3361040883608303,
    "ev_stress": -0.4851761022583226,
    "delta_ev_real": -0.18446123097091568,
    "delta_ev_stress": -0.33353324486840796,
    "ev_mid_R": -0.1449085171580086,
    "ev_real_R": -0.32117796969414947,
    "ev_stress_R": -0.46362981250069596
  },
  "breakevens": [
    681.9699219536034
  ],
  "edge_attribution": {
    "iv_rich_vs_rv": -0.010113919737084837,
    "mean_reversion_regime_probability": 0.39,
    "structure_expected_move_match": 0.02671603316767024,
    "explainable": true
  },
  "gates": {
    "regime": "mean_revert|vol_contracting",
    "ev_threshold_R": 0.05,
    "cvar_threshold_R": -1.0,
    "ev_gate": false,
    "ev_ci_gate": false,
    "cvar_gate": true,
    "cvar_worst_gate": false,
    "pop_or_pot": false,
    "slippage_sensitivity_ok": true,
    "stress_ev_not_catastrophic": true,
    "allow_trade": false
  }
}