{
  "generated_at": "2026-03-06T17:12:57.632546+00:00",
  "config_hash": "3d81e606850d4e132664cea07789fca4846007610798025186509962c1114f3f",
  "n_batches": 10,
  "paths_per_batch": 500,
  "n_total_paths": 5000,
  "base_seed": 3019,
  "crn_scope": "same_model_same_structure_friction_only",
  "assumptions": {
    "model": "jump",
    "spot": 674.245,
    "r": 0.03,
    "q": 0.0,
    "expiry_years": 0.019178082191780823,
    "n_paths": 5000,
    "n_batches": 10,
    "paths_per_batch": 500,
    "dt": 0.0006849315068493151,
    "seed": 3019,
    "strategy": "put_diagonal",
    "legs": [
      {
        "side": "short",
        "option_type": "put",
        "strike": 674,
        "qty": 1,
        "expiry_years": 0.0076712328767123295
      },
      {
        "side": "long",
        "option_type": "put",
        "strike": 671,
        "qty": 1,
        "expiry_years": 0.019178082191780823
      }
    ],
    "snapshot_file": null,
    "event_risk_high": false
  },
  "randomness_policy": {
    "comparison_mode": "paired",
    "base_seed": 3019,
    "sensitivity_seed": 3019,
    "crn_scope": "same_model_same_structure_friction_only",
    "cross_model_or_cross_structure": "unpaired_independent_seeds_required"
  },
  "calibration": {
    "iv_atm": 0.25,
    "skew": -0.25,
    "curv": 0.1,
    "term": 0.0,
    "rv10": null,
    "rv20": null,
    "jump": {
      "mu": 0.03,
      "sigma": 0.25,
      "jump_lambda": 0.25,
      "jump_mu": -0.06,
      "jump_sigma": 0.2
    }
  },
  "regime_distribution": {
    "mean_revert|vol_expanding": 0.21,
    "trend|vol_contracting": 0.19666666666666666,
    "trend|vol_expanding": 0.14666666666666667,
    "mean_revert|vol_contracting": 0.44666666666666666,
    "dominant": "mean_revert|vol_contracting"
  },
  "stress": {
    "spread_bps": 30.0,
    "slippage_bps": 8.0,
    "partial_fill_prob": 0.1
  },
  "metrics": {
    "ev": 0.32512738970987765,
    "pop": 0.654,
    "pot": 1.0,
    "profit_factor": 1.6785089743346886,
    "avg_win": 1.2298265947178046,
    "avg_loss": -1.3849109920103082,
    "expectancy": 0.32512738970987765,
    "var95": -1.694957969832891,
    "cvar95": -1.7038859314004333,
    "tail_p1": -1.7084072584627605,
    "min_pl": -1.72918999911764,
    "max_pl": 1.3363327774055809
  },
  "multi_seed_confidence": {
    "n_batches": 10,
    "paths_per_batch": 500,
    "n_total_paths": 5000,
    "ev_mean": 0.284585814983333,
    "ev_std": 0.06974868179848547,
    "ev_5th_percentile": 0.15846668743883005,
    "pop_mean": 0.6420000000000001,
    "cvar_mean": -1.7035345225781555,
    "cvar_worst": -1.7638691019702741
  },
  "distribution_percentiles": {
    "p1": -1.7084072584627605,
    "p5": -1.694957969832891,
    "p10": -1.6886427583163286,
    "p25": -1.3745811478597867,
    "p50": 1.3305739150650546,
    "p75": 1.3363327774055809,
    "p90": 1.3363327774055809,
    "p95": 1.3363327774055809,
    "p99": 1.3363327774055809
  },
  "sensitivity": {
    "wide_spread_slippage_ev": 0.25184373220059786,
    "wide_spread_slippage_pop": 0.6384000000000001,
    "wide_spread_slippage_cvar95": -1.7584580649002455,
    "ev_delta_real_to_stress": -0.03274208278273516
  },
  "friction_hurdle": {
    "ev_mid": 0.31668643364329485,
    "ev_real": 0.284585814983333,
    "ev_stress": 0.25184373220059786,
    "delta_ev_real": -0.03210061865996183,
    "delta_ev_stress": -0.06484270144269699,
    "ev_mid_R": 0.18314149041163294,
    "ev_real_R": 0.1645775277028838,
    "ev_stress_R": 0.14564260279616875
  },
  "breakevens": [],
  "edge_attribution": {
    "iv_rich_vs_rv": null,
    "mean_reversion_regime_probability": 0.44666666666666666,
    "structure_expected_move_match": 0.0,
    "signals_present": 2,
    "signals_pass": 1,
    "thresholds": {
      "regime_prob_min": 0.2,
      "structure_match_min": 0.05,
      "min_signals_pass": 2
    },
    "explainable": false
  },
  "gates": {
    "regime": "mean_revert|vol_contracting",
    "ev_threshold_R": 0.05,
    "cvar_threshold_R": -1.0,
    "ev_gate": true,
    "ev_ci_gate": true,
    "cvar_gate": true,
    "cvar_worst_gate": false,
    "pop_or_pot": true,
    "slippage_sensitivity_ok": true,
    "stress_ev_not_catastrophic": true,
    "allow_trade": false
  }
}