{
  "generated_at": "2026-03-05T22:12:57.398481+00:00",
  "config_hash": "5632eca1234cb325918f14495a07a5b3e44a694a2447046e0ec1335c6cde6bc0",
  "n_batches": 10,
  "paths_per_batch": 500,
  "n_total_paths": 5000,
  "base_seed": 3019,
  "crn_scope": "same_model_same_structure_friction_only",
  "assumptions": {
    "model": "jump",
    "spot": 680.43,
    "r": 0.03,
    "q": 0.0,
    "expiry_years": 0.019178082191780823,
    "n_paths": 5000,
    "n_batches": 10,
    "paths_per_batch": 500,
    "dt": 0.0006849315068493151,
    "seed": 3019,
    "strategy": "put_diagonal",
    "legs": [
      {
        "side": "short",
        "option_type": "put",
        "strike": 680,
        "qty": 1,
        "expiry_years": 0.0076712328767123295
      },
      {
        "side": "long",
        "option_type": "put",
        "strike": 677,
        "qty": 1,
        "expiry_years": 0.019178082191780823
      }
    ],
    "snapshot_file": null,
    "event_risk_high": false
  },
  "randomness_policy": {
    "comparison_mode": "paired",
    "base_seed": 3019,
    "sensitivity_seed": 3019,
    "crn_scope": "same_model_same_structure_friction_only",
    "cross_model_or_cross_structure": "unpaired_independent_seeds_required"
  },
  "calibration": {
    "iv_atm": 0.25,
    "skew": -0.25,
    "curv": 0.1,
    "term": 0.0,
    "rv10": null,
    "rv20": null,
    "jump": {
      "mu": 0.03,
      "sigma": 0.25,
      "jump_lambda": 0.25,
      "jump_mu": -0.06,
      "jump_sigma": 0.2
    }
  },
  "regime_distribution": {
    "mean_revert|vol_expanding": 0.21,
    "trend|vol_contracting": 0.19666666666666666,
    "trend|vol_expanding": 0.14666666666666667,
    "mean_revert|vol_contracting": 0.44666666666666666,
    "dominant": "mean_revert|vol_contracting"
  },
  "stress": {
    "spread_bps": 30.0,
    "slippage_bps": 8.0,
    "partial_fill_prob": 0.1
  },
  "metrics": {
    "ev": 0.35402476809580424,
    "pop": 0.666,
    "pot": 1.0,
    "profit_factor": 1.7644192803984906,
    "avg_win": 1.22695767100652,
    "avg_loss": -1.386613894594426,
    "expectancy": 0.3540247680958042,
    "var95": -1.7029207658682137,
    "cvar95": -1.7119008004407945,
    "tail_p1": -1.716394645148985,
    "min_pl": -1.7374106181099016,
    "max_pl": 1.3278338599664985
  },
  "multi_seed_confidence": {
    "n_batches": 10,
    "paths_per_batch": 500,
    "n_total_paths": 5000,
    "ev_mean": 0.3178535672619196,
    "ev_std": 0.06823209793382869,
    "ev_5th_percentile": 0.19574687399080945,
    "pop_mean": 0.6556000000000001,
    "cvar_mean": -1.7115420577029536,
    "cvar_worst": -1.771532178389483
  },
  "distribution_percentiles": {
    "p1": -1.716394645148985,
    "p5": -1.7029207658682137,
    "p10": -1.696734606716978,
    "p25": -1.225019960452781,
    "p50": 1.3220783653898356,
    "p75": 1.3278338599664985,
    "p90": 1.3278338599664985,
    "p95": 1.3278338599664985,
    "p99": 1.3278338599664985
  },
  "sensitivity": {
    "wide_spread_slippage_ev": 0.2852769655640937,
    "wide_spread_slippage_pop": 0.6519999999999999,
    "wide_spread_slippage_cvar95": -1.7660680702255125,
    "ev_delta_real_to_stress": -0.03257660169782589
  },
  "friction_hurdle": {
    "ev_mid": 0.3498121301017808,
    "ev_real": 0.3178535672619196,
    "ev_stress": 0.2852769655640937,
    "delta_ev_real": -0.031958562839861204,
    "delta_ev_stress": -0.0645351645376871,
    "ev_mid_R": 0.20134107991255126,
    "ev_real_R": 0.182946716192921,
    "ev_stress_R": 0.16419662835630733
  },
  "breakevens": [],
  "edge_attribution": {
    "iv_rich_vs_rv": null,
    "mean_reversion_regime_probability": 0.44666666666666666,
    "structure_expected_move_match": 0.0,
    "signals_present": 2,
    "signals_pass": 1,
    "thresholds": {
      "regime_prob_min": 0.2,
      "structure_match_min": 0.05,
      "min_signals_pass": 2
    },
    "explainable": false
  },
  "gates": {
    "regime": "mean_revert|vol_contracting",
    "ev_threshold_R": 0.05,
    "cvar_threshold_R": -1.0,
    "ev_gate": true,
    "ev_ci_gate": true,
    "cvar_gate": true,
    "cvar_worst_gate": false,
    "pop_or_pot": true,
    "slippage_sensitivity_ok": true,
    "stress_ev_not_catastrophic": true,
    "allow_trade": false
  }
}