{
  "generated_at": "2026-03-06T18:12:06.493530+00:00",
  "config_hash": "637c77ddfbc76dea6c2f7c5b0b8a2fcd755c1cab6d5e32d6286a71d2570f4443",
  "n_batches": 10,
  "paths_per_batch": 500,
  "n_total_paths": 5000,
  "base_seed": 3019,
  "crn_scope": "same_model_same_structure_friction_only",
  "assumptions": {
    "model": "jump",
    "spot": 673.3,
    "r": 0.03,
    "q": 0.0,
    "expiry_years": 0.019178082191780823,
    "n_paths": 5000,
    "n_batches": 10,
    "paths_per_batch": 500,
    "dt": 0.0006849315068493151,
    "seed": 3019,
    "strategy": "put_diagonal",
    "legs": [
      {
        "side": "short",
        "option_type": "put",
        "strike": 673,
        "qty": 1,
        "expiry_years": 0.0076712328767123295
      },
      {
        "side": "long",
        "option_type": "put",
        "strike": 670,
        "qty": 1,
        "expiry_years": 0.019178082191780823
      }
    ],
    "snapshot_file": null,
    "event_risk_high": false
  },
  "randomness_policy": {
    "comparison_mode": "paired",
    "base_seed": 3019,
    "sensitivity_seed": 3019,
    "crn_scope": "same_model_same_structure_friction_only",
    "cross_model_or_cross_structure": "unpaired_independent_seeds_required"
  },
  "calibration": {
    "iv_atm": 0.25,
    "skew": -0.25,
    "curv": 0.1,
    "term": 0.0,
    "rv10": null,
    "rv20": null,
    "jump": {
      "mu": 0.03,
      "sigma": 0.25,
      "jump_lambda": 0.25,
      "jump_mu": -0.06,
      "jump_sigma": 0.2
    }
  },
  "regime_distribution": {
    "mean_revert|vol_expanding": 0.21,
    "trend|vol_contracting": 0.19666666666666666,
    "trend|vol_expanding": 0.14666666666666667,
    "mean_revert|vol_contracting": 0.44666666666666666,
    "dominant": "mean_revert|vol_contracting"
  },
  "stress": {
    "spread_bps": 30.0,
    "slippage_bps": 8.0,
    "partial_fill_prob": 0.1
  },
  "metrics": {
    "ev": 0.33527872099584466,
    "pop": 0.658,
    "pot": 1.0,
    "profit_factor": 1.7084898334042278,
    "avg_win": 1.2287368235057685,
    "avg_loss": -1.3837137686285117,
    "expectancy": 0.33527872099584477,
    "var95": -1.697404117241821,
    "cvar95": -1.7063104187856384,
    "tail_p1": -1.7107966619700739,
    "min_pl": -1.7315711123618618,
    "max_pl": 1.3335855200205375
  },
  "multi_seed_confidence": {
    "n_batches": 10,
    "paths_per_batch": 500,
    "n_total_paths": 5000,
    "ev_mean": 0.29619663836923393,
    "ev_std": 0.06920762916613826,
    "ev_5th_percentile": 0.1714437019803128,
    "pop_mean": 0.647,
    "cvar_mean": -1.705959371437552,
    "cvar_worst": -1.7659030506845659
  },
  "distribution_percentiles": {
    "p1": -1.7107966619700739,
    "p5": -1.697404117241821,
    "p10": -1.6911940868880049,
    "p25": -1.3181323526248299,
    "p50": 1.3278517847741997,
    "p75": 1.3335855200205375,
    "p90": 1.3335855200205375,
    "p95": 1.3335855200205375,
    "p99": 1.3335855200205375
  },
  "sensitivity": {
    "wide_spread_slippage_ev": 0.2636598850614909,
    "wide_spread_slippage_pop": 0.6439999999999999,
    "wide_spread_slippage_cvar95": -1.7604976200260505,
    "ev_delta_real_to_stress": -0.03253675330774303
  },
  "friction_hurdle": {
    "ev_mid": 0.3280554484598401,
    "ev_real": 0.29619663836923393,
    "ev_stress": 0.2636598850614909,
    "delta_ev_real": -0.03185881009060615,
    "delta_ev_stress": -0.06439556339834918,
    "ev_mid_R": 0.18945537155119935,
    "ev_real_R": 0.17105658338525984,
    "ev_stress_R": 0.15226627608834326
  },
  "breakevens": [],
  "edge_attribution": {
    "iv_rich_vs_rv": null,
    "mean_reversion_regime_probability": 0.44666666666666666,
    "structure_expected_move_match": 0.0,
    "signals_present": 2,
    "signals_pass": 1,
    "thresholds": {
      "regime_prob_min": 0.2,
      "structure_match_min": 0.05,
      "min_signals_pass": 2
    },
    "explainable": false
  },
  "gates": {
    "regime": "mean_revert|vol_contracting",
    "ev_threshold_R": 0.05,
    "cvar_threshold_R": -1.0,
    "ev_gate": true,
    "ev_ci_gate": true,
    "cvar_gate": true,
    "cvar_worst_gate": false,
    "pop_or_pot": true,
    "slippage_sensitivity_ok": true,
    "stress_ev_not_catastrophic": true,
    "allow_trade": false
  }
}