{
  "generated_at": "2026-03-06T23:12:59.639195+00:00",
  "config_hash": "1302cd2ca2c37c583073942f1da360f0b47619a90ef98124569b332e9bf9ff07",
  "n_batches": 10,
  "paths_per_batch": 500,
  "n_total_paths": 5000,
  "base_seed": 3019,
  "crn_scope": "same_model_same_structure_friction_only",
  "assumptions": {
    "model": "jump",
    "spot": 671.75,
    "r": 0.03,
    "q": 0.0,
    "expiry_years": 0.019178082191780823,
    "n_paths": 5000,
    "n_batches": 10,
    "paths_per_batch": 500,
    "dt": 0.0006849315068493151,
    "seed": 3019,
    "strategy": "put_diagonal",
    "legs": [
      {
        "side": "short",
        "option_type": "put",
        "strike": 672,
        "qty": 1,
        "expiry_years": 0.0076712328767123295
      },
      {
        "side": "long",
        "option_type": "put",
        "strike": 669,
        "qty": 1,
        "expiry_years": 0.019178082191780823
      }
    ],
    "snapshot_file": null,
    "event_risk_high": false
  },
  "randomness_policy": {
    "comparison_mode": "paired",
    "base_seed": 3019,
    "sensitivity_seed": 3019,
    "crn_scope": "same_model_same_structure_friction_only",
    "cross_model_or_cross_structure": "unpaired_independent_seeds_required"
  },
  "calibration": {
    "iv_atm": 0.25,
    "skew": -0.25,
    "curv": 0.1,
    "term": 0.0,
    "rv10": null,
    "rv20": null,
    "jump": {
      "mu": 0.03,
      "sigma": 0.25,
      "jump_lambda": 0.25,
      "jump_mu": -0.06,
      "jump_sigma": 0.2
    }
  },
  "regime_distribution": {
    "mean_revert|vol_expanding": 0.21,
    "trend|vol_contracting": 0.19666666666666666,
    "trend|vol_expanding": 0.14666666666666667,
    "mean_revert|vol_contracting": 0.44666666666666666,
    "dominant": "mean_revert|vol_contracting"
  },
  "stress": {
    "spread_bps": 30.0,
    "slippage_bps": 8.0,
    "partial_fill_prob": 0.1
  },
  "metrics": {
    "ev": 0.23613222537673495,
    "pop": 0.618,
    "pot": 1.0,
    "profit_factor": 1.447574096142005,
    "avg_win": 1.235784218006589,
    "avg_loss": -1.381105815055856,
    "expectancy": 0.23613222537673506,
    "var95": -1.6730590626514692,
    "cvar95": -1.6820536163021962,
    "tail_p1": -1.6866207989269109,
    "min_pl": -1.707318175867429,
    "max_pl": 1.3603816639798203
  },
  "multi_seed_confidence": {
    "n_batches": 10,
    "paths_per_batch": 500,
    "n_total_paths": 5000,
    "ev_mean": 0.18422084241421927,
    "ev_std": 0.0742977489386589,
    "ev_5th_percentile": 0.04825403640271117,
    "pop_mean": 0.6008,
    "cvar_mean": -1.6817135028276269,
    "cvar_worst": -1.7444130463587633
  },
  "distribution_percentiles": {
    "p1": -1.6866207989269109,
    "p5": -1.6730590626514692,
    "p10": -1.666061234233614,
    "p25": -1.646554653495531,
    "p50": 1.3346475569582466,
    "p75": 1.3603816639798203,
    "p90": 1.3603816639798203,
    "p95": 1.3603816639798203,
    "p99": 1.3603816639798203
  },
  "sensitivity": {
    "wide_spread_slippage_ev": 0.1501977949262038,
    "wide_spread_slippage_pop": 0.5976,
    "wide_spread_slippage_cvar95": -1.7390381533321886,
    "ev_delta_real_to_stress": -0.03402304748801546
  },
  "friction_hurdle": {
    "ev_mid": 0.21775981947164005,
    "ev_real": 0.18422084241421927,
    "ev_stress": 0.1501977949262038,
    "delta_ev_real": -0.03353897705742079,
    "delta_ev_stress": -0.06756202454543625,
    "ev_mid_R": 0.1275449547422547,
    "ev_real_R": 0.10790070943901424,
    "ev_stress_R": 0.08797293735240272
  },
  "breakevens": [],
  "edge_attribution": {
    "iv_rich_vs_rv": null,
    "mean_reversion_regime_probability": 0.44666666666666666,
    "structure_expected_move_match": 0.0,
    "signals_present": 2,
    "signals_pass": 1,
    "thresholds": {
      "regime_prob_min": 0.2,
      "structure_match_min": 0.05,
      "min_signals_pass": 2
    },
    "explainable": false
  },
  "gates": {
    "regime": "mean_revert|vol_contracting",
    "ev_threshold_R": 0.05,
    "cvar_threshold_R": -1.0,
    "ev_gate": true,
    "ev_ci_gate": true,
    "cvar_gate": true,
    "cvar_worst_gate": false,
    "pop_or_pot": true,
    "slippage_sensitivity_ok": true,
    "stress_ev_not_catastrophic": true,
    "allow_trade": false
  }
}