{
  "generated_at": "2026-03-05T14:30:13.295613+00:00",
  "config_hash": "3f66a1f2eb7a06b599f1af0f136f596909dd3af8bb0ab96af9c3551b2a4259ea",
  "n_batches": 10,
  "paths_per_batch": 500,
  "n_total_paths": 5000,
  "base_seed": 3019,
  "crn_scope": "same_model_same_structure_friction_only",
  "assumptions": {
    "model": "jump",
    "spot": 682.2,
    "r": 0.03,
    "q": 0.0,
    "expiry_years": 0.019178082191780823,
    "n_paths": 5000,
    "n_batches": 10,
    "paths_per_batch": 500,
    "dt": 0.0006849315068493151,
    "seed": 3019,
    "strategy": "put_diagonal",
    "legs": [
      {
        "side": "short",
        "option_type": "put",
        "strike": 682,
        "qty": 1,
        "expiry_years": 0.0076712328767123295
      },
      {
        "side": "long",
        "option_type": "put",
        "strike": 679,
        "qty": 1,
        "expiry_years": 0.019178082191780823
      }
    ],
    "snapshot_file": null,
    "event_risk_high": false
  },
  "randomness_policy": {
    "comparison_mode": "paired",
    "base_seed": 3019,
    "sensitivity_seed": 3019,
    "crn_scope": "same_model_same_structure_friction_only",
    "cross_model_or_cross_structure": "unpaired_independent_seeds_required"
  },
  "calibration": {
    "iv_atm": 0.25,
    "skew": -0.25,
    "curv": 0.1,
    "term": 0.0,
    "rv10": null,
    "rv20": null,
    "jump": {
      "mu": 0.03,
      "sigma": 0.25,
      "jump_lambda": 0.25,
      "jump_mu": -0.06,
      "jump_sigma": 0.2
    }
  },
  "regime_distribution": {
    "mean_revert|vol_expanding": 0.21,
    "trend|vol_contracting": 0.19666666666666666,
    "trend|vol_expanding": 0.14666666666666667,
    "mean_revert|vol_contracting": 0.44666666666666666,
    "dominant": "mean_revert|vol_contracting"
  },
  "stress": {
    "spread_bps": 30.0,
    "slippage_bps": 8.0,
    "partial_fill_prob": 0.1
  },
  "metrics": {
    "ev": 0.3133680333362656,
    "pop": 0.646,
    "pot": 1.0,
    "profit_factor": 1.6436452669302308,
    "avg_win": 1.238750057075364,
    "avg_loss": -1.3753234563119194,
    "expectancy": 0.31336803333626573,
    "var95": -1.6928663907955985,
    "cvar95": -1.7019078914991734,
    "tail_p1": -1.7065240069733096,
    "min_pl": -1.727517088374861,
    "max_pl": 1.339036345770388
  },
  "multi_seed_confidence": {
    "n_batches": 10,
    "paths_per_batch": 500,
    "n_total_paths": 5000,
    "ev_mean": 0.27113700154865733,
    "ev_std": 0.0704336096053563,
    "ev_5th_percentile": 0.1433854702647243,
    "pop_mean": 0.6364,
    "cvar_mean": -1.7015500436356057,
    "cvar_worst": -1.7629481088497183
  },
  "distribution_percentiles": {
    "p1": -1.7065240069733096,
    "p5": -1.6928663907955985,
    "p10": -1.6862927494722344,
    "p25": -1.4517986487589247,
    "p50": 1.333194558696293,
    "p75": 1.339036345770388,
    "p90": 1.339036345770388,
    "p95": 1.339036345770388,
    "p99": 1.339036345770388
  },
  "sensitivity": {
    "wide_spread_slippage_ev": 0.23782487175637188,
    "wide_spread_slippage_pop": 0.6322,
    "wide_spread_slippage_cvar95": -1.7574773923670641,
    "ev_delta_real_to_stress": -0.033312129792285455
  },
  "friction_hurdle": {
    "ev_mid": 0.30395000939311695,
    "ev_real": 0.27113700154865733,
    "ev_stress": 0.23782487175637188,
    "delta_ev_real": -0.03281300784445962,
    "delta_ev_stress": -0.06612513763674507,
    "ev_mid_R": 0.17594616657543685,
    "ev_real_R": 0.1569518492020973,
    "ev_stress_R": 0.13766860736532713
  },
  "breakevens": [],
  "edge_attribution": {
    "iv_rich_vs_rv": null,
    "mean_reversion_regime_probability": 0.44666666666666666,
    "structure_expected_move_match": 0.0,
    "signals_present": 2,
    "signals_pass": 1,
    "thresholds": {
      "regime_prob_min": 0.2,
      "structure_match_min": 0.05,
      "min_signals_pass": 2
    },
    "explainable": false
  },
  "gates": {
    "regime": "mean_revert|vol_contracting",
    "ev_threshold_R": 0.05,
    "cvar_threshold_R": -1.0,
    "ev_gate": true,
    "ev_ci_gate": true,
    "cvar_gate": true,
    "cvar_worst_gate": false,
    "pop_or_pot": true,
    "slippage_sensitivity_ok": true,
    "stress_ev_not_catastrophic": true,
    "allow_trade": false
  }
}