{
  "generated_at": "2026-03-05T16:00:16.631696+00:00",
  "config_hash": "0c344a2b31bc3e519203c3f4fc8bf8be46cea79eb8df570072226f2625f2d336",
  "n_batches": 10,
  "paths_per_batch": 500,
  "n_total_paths": 5000,
  "base_seed": 3019,
  "crn_scope": "same_model_same_structure_friction_only",
  "assumptions": {
    "model": "jump",
    "spot": 680.94,
    "r": 0.03,
    "q": 0.0,
    "expiry_years": 0.019178082191780823,
    "n_paths": 5000,
    "n_batches": 10,
    "paths_per_batch": 500,
    "dt": 0.0006849315068493151,
    "seed": 3019,
    "strategy": "put_diagonal",
    "legs": [
      {
        "side": "short",
        "option_type": "put",
        "strike": 681,
        "qty": 1,
        "expiry_years": 0.0076712328767123295
      },
      {
        "side": "long",
        "option_type": "put",
        "strike": 678,
        "qty": 1,
        "expiry_years": 0.019178082191780823
      }
    ],
    "snapshot_file": null,
    "event_risk_high": false
  },
  "randomness_policy": {
    "comparison_mode": "paired",
    "base_seed": 3019,
    "sensitivity_seed": 3019,
    "crn_scope": "same_model_same_structure_friction_only",
    "cross_model_or_cross_structure": "unpaired_independent_seeds_required"
  },
  "calibration": {
    "iv_atm": 0.25,
    "skew": -0.25,
    "curv": 0.1,
    "term": 0.0,
    "rv10": null,
    "rv20": null,
    "jump": {
      "mu": 0.03,
      "sigma": 0.25,
      "jump_lambda": 0.25,
      "jump_mu": -0.06,
      "jump_sigma": 0.2
    }
  },
  "regime_distribution": {
    "mean_revert|vol_expanding": 0.21,
    "trend|vol_contracting": 0.19666666666666666,
    "trend|vol_expanding": 0.14666666666666667,
    "mean_revert|vol_contracting": 0.44666666666666666,
    "dominant": "mean_revert|vol_contracting"
  },
  "stress": {
    "spread_bps": 30.0,
    "slippage_bps": 8.0,
    "partial_fill_prob": 0.1
  },
  "metrics": {
    "ev": 0.26741888305222655,
    "pop": 0.634,
    "pot": 1.0,
    "profit_factor": 1.522113124689697,
    "avg_win": 1.229660246188631,
    "avg_loss": -1.3994145164791403,
    "expectancy": 0.26741888305222683,
    "var95": -1.6815362648342684,
    "cvar95": -1.6906158647825364,
    "tail_p1": -1.6952402646694542,
    "min_pl": -1.7162035538185458,
    "max_pl": 1.3514983250510126
  },
  "multi_seed_confidence": {
    "n_batches": 10,
    "paths_per_batch": 500,
    "n_total_paths": 5000,
    "ev_mean": 0.2190991938397684,
    "ev_std": 0.07283293586343119,
    "ev_5th_percentile": 0.08587605297729252,
    "pop_mean": 0.6168,
    "cvar_mean": -1.6902626045326836,
    "cvar_worst": -1.7529060292738392
  },
  "distribution_percentiles": {
    "p1": -1.6952402646694542,
    "p5": -1.6815362648342684,
    "p10": -1.6746028650762328,
    "p25": -1.616863369074414,
    "p50": 1.3429918300240444,
    "p75": 1.3514983250510126,
    "p90": 1.3514983250510126,
    "p95": 1.3514983250510126,
    "p99": 1.3514983250510126
  },
  "sensitivity": {
    "wide_spread_slippage_ev": 0.18511618977063699,
    "wide_spread_slippage_pop": 0.6140000000000001,
    "wide_spread_slippage_cvar95": -1.747454049490901,
    "ev_delta_real_to_stress": -0.033983004069131406
  },
  "friction_hurdle": {
    "ev_mid": 0.25266785329666175,
    "ev_real": 0.2190991938397684,
    "ev_stress": 0.18511618977063699,
    "delta_ev_real": -0.03356865945689336,
    "delta_ev_stress": -0.06755166352602476,
    "ev_mid_R": 0.1472248747734363,
    "ev_real_R": 0.12766503912212138,
    "ev_stress_R": 0.10786377254536866
  },
  "breakevens": [],
  "edge_attribution": {
    "iv_rich_vs_rv": null,
    "mean_reversion_regime_probability": 0.44666666666666666,
    "structure_expected_move_match": 0.0,
    "signals_present": 2,
    "signals_pass": 1,
    "thresholds": {
      "regime_prob_min": 0.2,
      "structure_match_min": 0.05,
      "min_signals_pass": 2
    },
    "explainable": false
  },
  "gates": {
    "regime": "mean_revert|vol_contracting",
    "ev_threshold_R": 0.05,
    "cvar_threshold_R": -1.0,
    "ev_gate": true,
    "ev_ci_gate": true,
    "cvar_gate": true,
    "cvar_worst_gate": false,
    "pop_or_pot": true,
    "slippage_sensitivity_ok": true,
    "stress_ev_not_catastrophic": true,
    "allow_trade": false
  }
}