{
  "assumptions": {
    "model": "heston",
    "spot": 689.81,
    "r": 0.03,
    "q": 0.0,
    "expiry_years": 0.005479452054794521,
    "n_paths": 5000,
    "n_batches": 10,
    "paths_per_batch": 2000,
    "dt": 0.0006849315068493151,
    "seed": 42,
    "strategy": "put_debit_spread",
    "legs": [
      {
        "side": "long",
        "option_type": "put",
        "strike": 690,
        "qty": 1,
        "expiry_years": null
      },
      {
        "side": "short",
        "option_type": "put",
        "strike": 688,
        "qty": 1,
        "expiry_years": null
      }
    ],
    "snapshot_file": "experiments/chain_snapshot_with_returns.json",
    "event_risk_high": false
  },
  "randomness_policy": {
    "comparison_mode": "paired",
    "base_seed": 42,
    "sensitivity_seed": 42,
    "crn_scope": "same_model_same_structure_friction_only",
    "cross_model_or_cross_structure": "unpaired_independent_seeds_required"
  },
  "calibration": {
    "iv_atm": 0.4322705098312481,
    "skew": -0.43916933137193687,
    "curv": 67.67670905079058,
    "term": -0.463687439258477,
    "rv10": 0.09009772472154888,
    "rv20": 0.09656992285385756,
    "jump": {
      "mu": 0.03,
      "sigma": 0.11258390648756153,
      "jump_lambda": 58.400000000000006,
      "jump_mu": -0.006,
      "jump_sigma": 0.01
    }
  },
  "regime_distribution": {
    "mean_revert|vol_contracting": 1.0,
    "dominant": "mean_revert|vol_contracting"
  },
  "stress": {
    "spread_bps": 30.0,
    "slippage_bps": 8.0,
    "partial_fill_prob": 0.1
  },
  "metrics": {
    "ev": -0.14447259193173584,
    "pop": 0.431,
    "pot": 0.4275,
    "profit_factor": 0.7373917577107353,
    "avg_win": 0.941235113056896,
    "avg_loss": -0.9668627867473782,
    "expectancy": -0.14447259193173606,
    "var95": -0.975648223343209,
    "cvar95": -0.9761181942630485,
    "tail_p1": -0.975648223343209,
    "min_pl": -0.9802642287379969,
    "max_pl": 1.0113022504541818
  },
  "multi_seed_confidence": {
    "n_batches": 10,
    "paths_per_batch": 2000,
    "ev_mean": -0.14969555319805825,
    "ev_std": 0.01972753314729572,
    "ev_5th_percentile": -0.17362857549537508,
    "pop_mean": 0.4281,
    "cvar_mean": -0.976175624789444,
    "cvar_worst": -1.0059415488035162
  },
  "distribution_percentiles": {
    "p1": -0.975648223343209,
    "p5": -0.975648223343209,
    "p10": -0.9750465368907101,
    "p25": -0.9704369314959221,
    "p50": -0.9704369314959221,
    "p75": 0.9425026386777837,
    "p90": 0.9618031418490022,
    "p95": 0.972544477068893,
    "p99": 0.9968323136785375
  },
  "sensitivity": {
    "wide_spread_slippage_ev": -0.2343320012466143,
    "wide_spread_slippage_pop": 0.41174999999999995,
    "wide_spread_slippage_cvar95": -1.0056375997614548,
    "ev_delta_real_to_stress": -0.08463644804855605
  },
  "friction_hurdle": {
    "ev_mid": -0.060381975762974285,
    "ev_real": -0.14969555319805825,
    "ev_stress": -0.2343320012466143,
    "delta_ev_real": -0.08931357743508396,
    "delta_ev_stress": -0.17395002548364003,
    "ev_mid_R": -0.06159765295190942,
    "ev_real_R": -0.1527093908045364,
    "ev_stress_R": -0.23904983409248334
  },
  "breakevens": [
    689.0331372132526
  ],
  "edge_attribution": {
    "iv_rich_vs_rv": 0.3357005869773905,
    "mean_reversion_regime_probability": 1.0,
    "structure_expected_move_match": 0.035195785201476926,
    "explainable": true
  },
  "gates": {
    "regime": "mean_revert|vol_contracting",
    "ev_threshold_R": 0.05,
    "cvar_threshold_R": -1.0,
    "ev_gate": false,
    "ev_ci_gate": false,
    "cvar_gate": true,
    "cvar_worst_gate": false,
    "pop_or_pot": false,
    "slippage_sensitivity_ok": true,
    "stress_ev_not_catastrophic": true,
    "allow_trade": false
  }
}