{
  "assumptions": {
    "model": "jump",
    "spot": 690.0,
    "r": 0.03,
    "q": 0.0,
    "expiry_years": 0.019178082191780823,
    "n_paths": 5000,
    "n_batches": 10,
    "paths_per_batch": 500,
    "dt": 0.0006849315068493151,
    "seed": 3019,
    "strategy": "put_diagonal",
    "legs": [
      {
        "side": "short",
        "option_type": "put",
        "strike": 690,
        "qty": 1,
        "expiry_years": 0.0076712328767123295
      },
      {
        "side": "long",
        "option_type": "put",
        "strike": 687,
        "qty": 1,
        "expiry_years": 0.019178082191780823
      }
    ],
    "snapshot_file": null,
    "event_risk_high": false
  },
  "randomness_policy": {
    "comparison_mode": "paired",
    "base_seed": 3019,
    "sensitivity_seed": 3019,
    "crn_scope": "same_model_same_structure_friction_only",
    "cross_model_or_cross_structure": "unpaired_independent_seeds_required"
  },
  "calibration": {
    "iv_atm": 0.25,
    "skew": -0.25,
    "curv": 0.1,
    "term": 0.0,
    "rv10": null,
    "rv20": null,
    "jump": {
      "mu": 0.03,
      "sigma": 0.25,
      "jump_lambda": 0.25,
      "jump_mu": -0.06,
      "jump_sigma": 0.2
    }
  },
  "regime_distribution": {
    "mean_revert|vol_expanding": 0.21,
    "trend|vol_contracting": 0.19666666666666666,
    "trend|vol_expanding": 0.14666666666666667,
    "mean_revert|vol_contracting": 0.44666666666666666,
    "dominant": "mean_revert|vol_contracting"
  },
  "stress": {
    "spread_bps": 25.0,
    "slippage_bps": 8.0,
    "partial_fill_prob": 0.1
  },
  "metrics": {
    "ev": 0.2791263584474243,
    "pop": 0.636,
    "pot": 1.0,
    "profit_factor": 1.5500359270695485,
    "avg_win": 1.23678565954236,
    "avg_loss": -1.394146486322848,
    "expectancy": 0.2791263584474244,
    "var95": -1.6768015464708375,
    "cvar95": -1.685227355151717,
    "tail_p1": -1.6897204698794122,
    "min_pl": -1.7087439230389707,
    "max_pl": 1.3533500356483965
  },
  "multi_seed_confidence": {
    "n_batches": 10,
    "paths_per_batch": 500,
    "n_total_paths": 5000,
    "ev_mean": 0.23158775590058683,
    "ev_std": 0.07246786998215884,
    "ev_5th_percentile": 0.099144518374157,
    "pop_mean": 0.6194,
    "cvar_mean": -1.6850848163299923,
    "cvar_worst": -1.7413337229982062
  },
  "distribution_percentiles": {
    "p1": -1.6897204698794122,
    "p5": -1.6768015464708375,
    "p10": -1.6713116035739242,
    "p25": -1.6054321403873706,
    "p50": 1.3472117913524624,
    "p75": 1.3533500356483965,
    "p90": 1.3533500356483965,
    "p95": 1.3533500356483965,
    "p99": 1.3533500356483965
  },
  "sensitivity": {
    "wide_spread_slippage_ev": 0.201277515064737,
    "wide_spread_slippage_pop": 0.6182000000000001,
    "wide_spread_slippage_cvar95": -1.7363354592343998,
    "ev_delta_real_to_stress": -0.030310240835849822
  },
  "friction_hurdle": {
    "ev_mid": 0.2608827159552944,
    "ev_real": 0.23158775590058683,
    "ev_stress": 0.201277515064737,
    "delta_ev_real": -0.029294960054707553,
    "delta_ev_stress": -0.059605200890557375,
    "ev_mid_R": 0.15267513899409754,
    "ev_real_R": 0.1355309902075392,
    "ev_stress_R": 0.11779267352522227
  },
  "breakevens": [],
  "edge_attribution": {
    "iv_rich_vs_rv": null,
    "mean_reversion_regime_probability": 0.44666666666666666,
    "structure_expected_move_match": 0.0,
    "signals_present": 2,
    "signals_pass": 1,
    "thresholds": {
      "regime_prob_min": 0.2,
      "structure_match_min": 0.05,
      "min_signals_pass": 2
    },
    "explainable": false
  },
  "gates": {
    "regime": "mean_revert|vol_contracting",
    "ev_threshold_R": 0.05,
    "cvar_threshold_R": -1.0,
    "ev_gate": true,
    "ev_ci_gate": true,
    "cvar_gate": true,
    "cvar_worst_gate": false,
    "pop_or_pot": true,
    "slippage_sensitivity_ok": true,
    "stress_ev_not_catastrophic": true,
    "allow_trade": false
  }
}