{
  "generated_at": "2026-03-05T23:42:07.040464+00:00",
  "config_hash": "9aeb385356d3f1ebc7170b0bb65fb20a7b8f81e2bc4a6d15e9f9ef6fcd6fcf6a",
  "n_batches": 10,
  "paths_per_batch": 500,
  "n_total_paths": 5000,
  "base_seed": 3019,
  "crn_scope": "same_model_same_structure_friction_only",
  "assumptions": {
    "model": "jump",
    "spot": 681.185,
    "r": 0.03,
    "q": 0.0,
    "expiry_years": 0.019178082191780823,
    "n_paths": 5000,
    "n_batches": 10,
    "paths_per_batch": 500,
    "dt": 0.0006849315068493151,
    "seed": 3019,
    "strategy": "put_diagonal",
    "legs": [
      {
        "side": "short",
        "option_type": "put",
        "strike": 681,
        "qty": 1,
        "expiry_years": 0.0076712328767123295
      },
      {
        "side": "long",
        "option_type": "put",
        "strike": 678,
        "qty": 1,
        "expiry_years": 0.019178082191780823
      }
    ],
    "snapshot_file": null,
    "event_risk_high": false
  },
  "randomness_policy": {
    "comparison_mode": "paired",
    "base_seed": 3019,
    "sensitivity_seed": 3019,
    "crn_scope": "same_model_same_structure_friction_only",
    "cross_model_or_cross_structure": "unpaired_independent_seeds_required"
  },
  "calibration": {
    "iv_atm": 0.25,
    "skew": -0.25,
    "curv": 0.1,
    "term": 0.0,
    "rv10": null,
    "rv20": null,
    "jump": {
      "mu": 0.03,
      "sigma": 0.25,
      "jump_lambda": 0.25,
      "jump_mu": -0.06,
      "jump_sigma": 0.2
    }
  },
  "regime_distribution": {
    "mean_revert|vol_expanding": 0.21,
    "trend|vol_contracting": 0.19666666666666666,
    "trend|vol_expanding": 0.14666666666666667,
    "mean_revert|vol_contracting": 0.44666666666666666,
    "dominant": "mean_revert|vol_contracting"
  },
  "stress": {
    "spread_bps": 30.0,
    "slippage_bps": 8.0,
    "partial_fill_prob": 0.1
  },
  "metrics": {
    "ev": 0.3111970590893661,
    "pop": 0.646,
    "pot": 1.0,
    "profit_factor": 1.6376750208805695,
    "avg_win": 1.2371754285725207,
    "avg_loss": -1.3785826773120964,
    "expectancy": 0.31119705908936635,
    "var95": -1.6922248735072019,
    "cvar95": -1.7012553048077432,
    "tail_p1": -1.7058650418717731,
    "min_pl": -1.726828560815103,
    "max_pl": 1.339695189370628
  },
  "multi_seed_confidence": {
    "n_batches": 10,
    "paths_per_batch": 500,
    "n_total_paths": 5000,
    "ev_mean": 0.2686709038028394,
    "ev_std": 0.0705397547554976,
    "ev_5th_percentile": 0.1406509067571196,
    "pop_mean": 0.635,
    "cvar_mean": -1.7008987079359201,
    "cvar_worst": -1.7622714602733947
  },
  "distribution_percentiles": {
    "p1": -1.7058650418717731,
    "p5": -1.6922248735072019,
    "p10": -1.6856530934360463,
    "p25": -1.4617040427128183,
    "p50": 1.3338574547348234,
    "p75": 1.339695189370628,
    "p90": 1.339695189370628,
    "p95": 1.339695189370628,
    "p99": 1.339695189370628
  },
  "sensitivity": {
    "wide_spread_slippage_ev": 0.23537331717630927,
    "wide_spread_slippage_pop": 0.6298,
    "wide_spread_slippage_cvar95": -1.7568090161720957,
    "ev_delta_real_to_stress": -0.03329758662653015
  },
  "friction_hurdle": {
    "ev_mid": 0.3014593805527269,
    "ev_real": 0.2686709038028394,
    "ev_stress": 0.23537331717630927,
    "delta_ev_real": -0.032788476749887496,
    "delta_ev_stress": -0.06608606337641765,
    "ev_mid_R": 0.17457400658837327,
    "ev_real_R": 0.15558632159524888,
    "ev_stress_R": 0.13630381296520114
  },
  "breakevens": [],
  "edge_attribution": {
    "iv_rich_vs_rv": null,
    "mean_reversion_regime_probability": 0.44666666666666666,
    "structure_expected_move_match": 0.0,
    "signals_present": 2,
    "signals_pass": 1,
    "thresholds": {
      "regime_prob_min": 0.2,
      "structure_match_min": 0.05,
      "min_signals_pass": 2
    },
    "explainable": false
  },
  "gates": {
    "regime": "mean_revert|vol_contracting",
    "ev_threshold_R": 0.05,
    "cvar_threshold_R": -1.0,
    "ev_gate": true,
    "ev_ci_gate": true,
    "cvar_gate": true,
    "cvar_worst_gate": false,
    "pop_or_pot": true,
    "slippage_sensitivity_ok": true,
    "stress_ev_not_catastrophic": true,
    "allow_trade": false
  }
}