{
  "assumptions": {
    "model": "heston",
    "spot": 689.81,
    "r": 0.03,
    "q": 0.0,
    "expiry_years": 0.005479452054794521,
    "n_paths": 5000,
    "n_batches": 5,
    "paths_per_batch": 800,
    "dt": 0.0006849315068493151,
    "seed": 42,
    "strategy": "long_straddle",
    "legs": [
      {
        "side": "long",
        "option_type": "call",
        "strike": 690,
        "qty": 1,
        "expiry_years": null
      },
      {
        "side": "long",
        "option_type": "put",
        "strike": 690,
        "qty": 1,
        "expiry_years": null
      }
    ],
    "snapshot_file": "experiments/chain_snapshot_with_returns.json",
    "event_risk_high": false
  },
  "randomness_policy": {
    "comparison_mode": "paired",
    "base_seed": 42,
    "sensitivity_seed": 42,
    "crn_scope": "same_model_same_structure_friction_only",
    "cross_model_or_cross_structure": "unpaired_independent_seeds_required"
  },
  "calibration": {
    "iv_atm": 0.4322705098312481,
    "skew": -0.43916933137193687,
    "curv": 67.67670905079058,
    "term": -0.463687439258477,
    "rv10": 0.09009772472154888,
    "rv20": 0.09656992285385756,
    "jump": {
      "mu": 0.03,
      "sigma": 0.11258390648756153,
      "jump_lambda": 58.400000000000006,
      "jump_mu": -0.006,
      "jump_sigma": 0.01
    }
  },
  "regime_distribution": {
    "mean_revert|vol_contracting": 1.0,
    "dominant": "mean_revert|vol_contracting"
  },
  "stress": {
    "spread_bps": 30.0,
    "slippage_bps": 8.0,
    "partial_fill_prob": 0.1
  },
  "metrics": {
    "ev": 0.18054969039166466,
    "pop": 0.47875,
    "pot": 0.31125,
    "profit_factor": 1.0338443340635275,
    "avg_win": 11.520123631690375,
    "avg_loss": -10.234454672959426,
    "expectancy": 0.18054969039166568,
    "var95": -15.41036323615736,
    "cvar95": -15.824041874056594,
    "tail_p1": -15.98755533304844,
    "min_pl": -16.02710878286213,
    "max_pl": 27.785996705794737
  },
  "multi_seed_confidence": {
    "n_batches": 5,
    "paths_per_batch": 800,
    "ev_mean": 0.5997110233046293,
    "ev_std": 0.22238214545871707,
    "ev_5th_percentile": 0.2618168297587518,
    "pop_mean": 0.49574999999999997,
    "cvar_mean": -15.743411773635557,
    "cvar_worst": -15.853242856591738
  },
  "distribution_percentiles": {
    "p1": -15.98755533304844,
    "p5": -15.41036323615736,
    "p10": -14.670301523150806,
    "p25": -11.644883776524122,
    "p50": -0.9572652105013253,
    "p75": 11.55806570003742,
    "p90": 15.818437371232212,
    "p95": 18.786344307863047,
    "p99": 25.34631039074479
  },
  "sensitivity": {
    "wide_spread_slippage_ev": 0.5433682682414746,
    "wide_spread_slippage_pop": 0.49450000000000005,
    "wide_spread_slippage_cvar95": -15.77490900018601,
    "ev_delta_real_to_stress": -0.05634275506315478
  },
  "friction_hurdle": {
    "ev_mid": 0.6622043041772173,
    "ev_real": 0.5997110233046293,
    "ev_stress": 0.5433682682414746,
    "delta_ev_real": -0.062493280872587986,
    "delta_ev_stress": -0.11883603593574277,
    "ev_mid_R": 0.04131776436716495,
    "ev_real_R": 0.03741854076300421,
    "ev_stress_R": 0.03390307482173585
  },
  "breakevens": [
    679.7655453270406,
    700.2344546729594
  ],
  "edge_attribution": {
    "iv_rich_vs_rv": 0.3357005869773905,
    "mean_reversion_regime_probability": 1.0,
    "structure_expected_move_match": 0.45506423420747744,
    "explainable": true
  },
  "gates": {
    "regime": "mean_revert|vol_contracting",
    "ev_threshold_R": 0.05,
    "cvar_threshold_R": -1.0,
    "ev_gate": false,
    "ev_ci_gate": false,
    "cvar_gate": true,
    "cvar_worst_gate": true,
    "pop_or_pot": false,
    "slippage_sensitivity_ok": true,
    "stress_ev_not_catastrophic": true,
    "allow_trade": false
  }
}