{
  "assumptions": {
    "model": "heston",
    "spot": 682.92,
    "r": 0.03,
    "q": 0.0,
    "expiry_years": 0.0136986301369863,
    "n_paths": 5000,
    "n_batches": 4,
    "paths_per_batch": 500,
    "dt": 0.00228310502283105,
    "seed": 21,
    "strategy": "put_diagonal",
    "legs": [
      {
        "side": "short",
        "option_type": "put",
        "strike": 683,
        "qty": 1,
        "expiry_years": 0.005479452054794521
      },
      {
        "side": "long",
        "option_type": "put",
        "strike": 680,
        "qty": 1,
        "expiry_years": 0.0136986301369863
      }
    ],
    "snapshot_file": "snapshots/spy_mc_snapshot_20260224.json",
    "event_risk_high": false
  },
  "randomness_policy": {
    "comparison_mode": "paired",
    "base_seed": 21,
    "sensitivity_seed": 21,
    "crn_scope": "same_model_same_structure_friction_only",
    "cross_model_or_cross_structure": "unpaired_independent_seeds_required"
  },
  "calibration": {
    "iv_atm": 0.19510896967482647,
    "skew": 0.011309538277646799,
    "curv": 6.447950056132601,
    "term": 0.052073584954025,
    "rv10": 0.1405152818963433,
    "rv20": 0.1589649665905798,
    "jump": {
      "mu": 0.03,
      "sigma": 0.13926998168060065,
      "jump_lambda": 21.900000000000002,
      "jump_mu": -0.005711059482233119,
      "jump_sigma": 0.017595225531969357
    }
  },
  "regime_distribution": {
    "mean_revert|vol_contracting": 1.0,
    "dominant": "mean_revert|vol_contracting"
  },
  "stress": {
    "spread_bps": 10.0,
    "slippage_bps": 3.0,
    "partial_fill_prob": 0.03
  },
  "metrics": {
    "ev": 0.05995631760197482,
    "pop": 0.574,
    "pot": 0.992,
    "profit_factor": 1.0963864641394654,
    "avg_win": 1.1881483669403465,
    "avg_loss": -1.4601897770464414,
    "expectancy": 0.05995631760197473,
    "var95": -1.715496632121446,
    "cvar95": -1.7189719552781466,
    "tail_p1": -1.717908659343354,
    "min_pl": -1.7367710977191342,
    "max_pl": 1.3052379437020867
  },
  "multi_seed_confidence": {
    "n_batches": 4,
    "paths_per_batch": 500,
    "ev_mean": 0.058943166600745084,
    "ev_std": 0.03188360554332003,
    "ev_5th_percentile": 0.021479672151582887,
    "pop_mean": 0.5794999999999999,
    "cvar_mean": -1.7204851794091685,
    "cvar_worst": -1.7411770439854615
  },
  "distribution_percentiles": {
    "p1": -1.717908659343354,
    "p5": -1.715496632121446,
    "p10": -1.7136052925974041,
    "p25": -1.7113482582326247,
    "p50": 0.9721303072472588,
    "p75": 1.3052379437020867,
    "p90": 1.3052379437020867,
    "p95": 1.3052379437020867,
    "p99": 1.3052379437020867
  },
  "sensitivity": {
    "wide_spread_slippage_ev": 0.05621536758435598,
    "wide_spread_slippage_pop": 0.58,
    "wide_spread_slippage_cvar95": -1.7372894517259263,
    "ev_delta_real_to_stress": -0.0027277990163891014
  },
  "friction_hurdle": {
    "ev_mid": 0.06373919870228811,
    "ev_real": 0.058943166600745084,
    "ev_stress": 0.05621536758435598,
    "delta_ev_real": -0.00479603210154303,
    "delta_ev_stress": -0.007523831117932131,
    "ev_mid_R": 0.03669982692940681,
    "ev_real_R": 0.033938362216042135,
    "ev_stress_R": 0.03236774705554605
  },
  "breakevens": [],
  "edge_attribution": {
    "iv_rich_vs_rv": 0.03614400308424667,
    "mean_reversion_regime_probability": 1.0,
    "structure_expected_move_match": 0.0,
    "explainable": false
  },
  "gates": {
    "regime": "mean_revert|vol_contracting",
    "ev_threshold_R": 0.05,
    "cvar_threshold_R": -1.0,
    "ev_gate": false,
    "ev_ci_gate": false,
    "cvar_gate": true,
    "cvar_worst_gate": false,
    "pop_or_pot": true,
    "slippage_sensitivity_ok": true,
    "stress_ev_not_catastrophic": true,
    "allow_trade": false
  }
}