{
  "generated_at": "2026-03-06T18:43:01.493401+00:00",
  "config_hash": "4e506862ef999dbff7b811b0185864bb9489c9513b78da3dc4f8798eb54718b9",
  "n_batches": 10,
  "paths_per_batch": 500,
  "n_total_paths": 5000,
  "base_seed": 3019,
  "crn_scope": "same_model_same_structure_friction_only",
  "assumptions": {
    "model": "jump",
    "spot": 674.955,
    "r": 0.03,
    "q": 0.0,
    "expiry_years": 0.019178082191780823,
    "n_paths": 5000,
    "n_batches": 10,
    "paths_per_batch": 500,
    "dt": 0.0006849315068493151,
    "seed": 3019,
    "strategy": "put_diagonal",
    "legs": [
      {
        "side": "short",
        "option_type": "put",
        "strike": 675,
        "qty": 1,
        "expiry_years": 0.0076712328767123295
      },
      {
        "side": "long",
        "option_type": "put",
        "strike": 672,
        "qty": 1,
        "expiry_years": 0.019178082191780823
      }
    ],
    "snapshot_file": null,
    "event_risk_high": false
  },
  "randomness_policy": {
    "comparison_mode": "paired",
    "base_seed": 3019,
    "sensitivity_seed": 3019,
    "crn_scope": "same_model_same_structure_friction_only",
    "cross_model_or_cross_structure": "unpaired_independent_seeds_required"
  },
  "calibration": {
    "iv_atm": 0.25,
    "skew": -0.25,
    "curv": 0.1,
    "term": 0.0,
    "rv10": null,
    "rv20": null,
    "jump": {
      "mu": 0.03,
      "sigma": 0.25,
      "jump_lambda": 0.25,
      "jump_mu": -0.06,
      "jump_sigma": 0.2
    }
  },
  "regime_distribution": {
    "mean_revert|vol_expanding": 0.21,
    "trend|vol_contracting": 0.19666666666666666,
    "trend|vol_expanding": 0.14666666666666667,
    "mean_revert|vol_contracting": 0.44666666666666666,
    "dominant": "mean_revert|vol_contracting"
  },
  "stress": {
    "spread_bps": 30.0,
    "slippage_bps": 8.0,
    "partial_fill_prob": 0.1
  },
  "metrics": {
    "ev": 0.2726799285293212,
    "pop": 0.636,
    "pot": 1.0,
    "profit_factor": 1.536091531270901,
    "avg_win": 1.2284972934772898,
    "avg_loss": -1.3973745882478985,
    "expectancy": 0.2726799285293212,
    "var95": -1.6821638986622718,
    "cvar95": -1.6911568520510294,
    "tail_p1": -1.6957358939653175,
    "min_pl": -1.71652197419355,
    "max_pl": 1.350496994661618
  },
  "multi_seed_confidence": {
    "n_batches": 10,
    "paths_per_batch": 500,
    "n_total_paths": 5000,
    "ev_mean": 0.22509628611577415,
    "ev_std": 0.07254886661664715,
    "ev_5th_percentile": 0.09244821576763382,
    "pop_mean": 0.6188,
    "cvar_mean": -1.6908086934897368,
    "cvar_worst": -1.7527562519641284
  },
  "distribution_percentiles": {
    "p1": -1.6957358939653175,
    "p5": -1.6821638986622718,
    "p10": -1.675396646283301,
    "p25": -1.5998912775664034,
    "p50": 1.342207331267908,
    "p75": 1.350496994661618,
    "p90": 1.350496994661618,
    "p95": 1.350496994661618,
    "p99": 1.350496994661618
  },
  "sensitivity": {
    "wide_spread_slippage_ev": 0.19149209162897787,
    "wide_spread_slippage_pop": 0.6164000000000002,
    "wide_spread_slippage_cvar95": -1.747349592171624,
    "ev_delta_real_to_stress": -0.033604194486796274
  },
  "friction_hurdle": {
    "ev_mid": 0.25818523219027567,
    "ev_real": 0.22509628611577415,
    "ev_stress": 0.19149209162897787,
    "delta_ev_real": -0.033088946074501524,
    "delta_ev_stress": -0.0666931405612978,
    "ev_mid_R": 0.15041184212720335,
    "ev_real_R": 0.13113510313290808,
    "ev_stress_R": 0.11155819413202908
  },
  "breakevens": [],
  "edge_attribution": {
    "iv_rich_vs_rv": null,
    "mean_reversion_regime_probability": 0.44666666666666666,
    "structure_expected_move_match": 0.0,
    "signals_present": 2,
    "signals_pass": 1,
    "thresholds": {
      "regime_prob_min": 0.2,
      "structure_match_min": 0.05,
      "min_signals_pass": 2
    },
    "explainable": false
  },
  "gates": {
    "regime": "mean_revert|vol_contracting",
    "ev_threshold_R": 0.05,
    "cvar_threshold_R": -1.0,
    "ev_gate": true,
    "ev_ci_gate": true,
    "cvar_gate": true,
    "cvar_worst_gate": false,
    "pop_or_pot": true,
    "slippage_sensitivity_ok": true,
    "stress_ev_not_catastrophic": true,
    "allow_trade": false
  }
}