{
  "generated_at": "2026-03-06T00:42:57.926553+00:00",
  "config_hash": "45511cafc460574cf5cef94a4a81402c25708fde0abcd9ad25c41da34ddd59c3",
  "n_batches": 10,
  "paths_per_batch": 500,
  "n_total_paths": 5000,
  "base_seed": 3019,
  "crn_scope": "same_model_same_structure_friction_only",
  "assumptions": {
    "model": "jump",
    "spot": 682.46,
    "r": 0.03,
    "q": 0.0,
    "expiry_years": 0.019178082191780823,
    "n_paths": 5000,
    "n_batches": 10,
    "paths_per_batch": 500,
    "dt": 0.0006849315068493151,
    "seed": 3019,
    "strategy": "put_diagonal",
    "legs": [
      {
        "side": "short",
        "option_type": "put",
        "strike": 682,
        "qty": 1,
        "expiry_years": 0.0076712328767123295
      },
      {
        "side": "long",
        "option_type": "put",
        "strike": 679,
        "qty": 1,
        "expiry_years": 0.019178082191780823
      }
    ],
    "snapshot_file": null,
    "event_risk_high": false
  },
  "randomness_policy": {
    "comparison_mode": "paired",
    "base_seed": 3019,
    "sensitivity_seed": 3019,
    "crn_scope": "same_model_same_structure_friction_only",
    "cross_model_or_cross_structure": "unpaired_independent_seeds_required"
  },
  "calibration": {
    "iv_atm": 0.25,
    "skew": -0.25,
    "curv": 0.1,
    "term": 0.0,
    "rv10": null,
    "rv20": null,
    "jump": {
      "mu": 0.03,
      "sigma": 0.25,
      "jump_lambda": 0.25,
      "jump_mu": -0.06,
      "jump_sigma": 0.2
    }
  },
  "regime_distribution": {
    "mean_revert|vol_expanding": 0.21,
    "trend|vol_contracting": 0.19666666666666666,
    "trend|vol_expanding": 0.14666666666666667,
    "mean_revert|vol_contracting": 0.44666666666666666,
    "dominant": "mean_revert|vol_contracting"
  },
  "stress": {
    "spread_bps": 30.0,
    "slippage_bps": 8.0,
    "partial_fill_prob": 0.1
  },
  "metrics": {
    "ev": 0.3580320041009286,
    "pop": 0.668,
    "pot": 1.0,
    "profit_factor": 1.7766114553200105,
    "avg_win": 1.2261230385768425,
    "avg_loss": -1.3886089929771148,
    "expectancy": 0.3580320041009288,
    "var95": -1.7041649824883707,
    "cvar95": -1.7131671655308542,
    "tail_p1": -1.7176664813222522,
    "min_pl": -1.7387489345344544,
    "max_pl": 1.3265549907227698
  },
  "multi_seed_confidence": {
    "n_batches": 10,
    "paths_per_batch": 500,
    "n_total_paths": 5000,
    "ev_mean": 0.3225142727851016,
    "ev_std": 0.06801948044731335,
    "ev_5th_percentile": 0.20101346181668772,
    "pop_mean": 0.657,
    "cvar_mean": -1.712806312108852,
    "cvar_worst": -1.7728470725137624
  },
  "distribution_percentiles": {
    "p1": -1.7176664813222522,
    "p5": -1.7041649824883707,
    "p10": -1.6979751008327155,
    "p25": -1.2051703545882706,
    "p50": 1.320791122641348,
    "p75": 1.3265549907227698,
    "p90": 1.3265549907227698,
    "p95": 1.3265549907227698,
    "p99": 1.3265549907227698
  },
  "sensitivity": {
    "wide_spread_slippage_ev": 0.2899066019415523,
    "wide_spread_slippage_pop": 0.6548,
    "wide_spread_slippage_cvar95": -1.7673664654961592,
    "ev_delta_real_to_stress": -0.032607670843549263
  },
  "friction_hurdle": {
    "ev_mid": 0.3545237954184911,
    "ev_real": 0.3225142727851016,
    "ev_stress": 0.2899066019415523,
    "delta_ev_real": -0.03200952263338952,
    "delta_ev_stress": -0.06461719347693878,
    "ev_mid_R": 0.20389590951117617,
    "ev_real_R": 0.18548639563736322,
    "ev_stress_R": 0.16673287107961568
  },
  "breakevens": [],
  "edge_attribution": {
    "iv_rich_vs_rv": null,
    "mean_reversion_regime_probability": 0.44666666666666666,
    "structure_expected_move_match": 0.0,
    "signals_present": 2,
    "signals_pass": 1,
    "thresholds": {
      "regime_prob_min": 0.2,
      "structure_match_min": 0.05,
      "min_signals_pass": 2
    },
    "explainable": false
  },
  "gates": {
    "regime": "mean_revert|vol_contracting",
    "ev_threshold_R": 0.05,
    "cvar_threshold_R": -1.0,
    "ev_gate": true,
    "ev_ci_gate": true,
    "cvar_gate": true,
    "cvar_worst_gate": false,
    "pop_or_pot": true,
    "slippage_sensitivity_ok": true,
    "stress_ev_not_catastrophic": true,
    "allow_trade": false
  }
}