{
  "assumptions": {
    "model": "gbm",
    "spot": 682.92,
    "r": 0.03,
    "q": 0.0,
    "expiry_years": 0.0273972602739726,
    "n_paths": 5000,
    "n_batches": 4,
    "paths_per_batch": 500,
    "dt": 0.002107481559536354,
    "seed": 21,
    "strategy": "iron_fly",
    "legs": [
      {
        "side": "short",
        "option_type": "call",
        "strike": 683,
        "qty": 1,
        "expiry_years": null
      },
      {
        "side": "short",
        "option_type": "put",
        "strike": 683,
        "qty": 1,
        "expiry_years": null
      },
      {
        "side": "long",
        "option_type": "call",
        "strike": 690,
        "qty": 1,
        "expiry_years": null
      },
      {
        "side": "long",
        "option_type": "put",
        "strike": 676,
        "qty": 1,
        "expiry_years": null
      }
    ],
    "snapshot_file": "snapshots/spy_mc_snapshot_20260224.json",
    "event_risk_high": false
  },
  "randomness_policy": {
    "comparison_mode": "paired",
    "base_seed": 21,
    "sensitivity_seed": 21,
    "crn_scope": "same_model_same_structure_friction_only",
    "cross_model_or_cross_structure": "unpaired_independent_seeds_required"
  },
  "calibration": {
    "iv_atm": 0.19510896967482647,
    "skew": 0.011309538277646799,
    "curv": 6.447950056132601,
    "term": 0.052073584954025,
    "rv10": 0.14625294236450842,
    "rv20": 0.16545598302893985,
    "jump": {
      "mu": 0.03,
      "sigma": 0.14495679280538878,
      "jump_lambda": 23.725000000000005,
      "jump_mu": -0.005711059482233119,
      "jump_sigma": 0.017595225531969357
    }
  },
  "regime_distribution": {
    "mean_revert|vol_contracting": 1.0,
    "dominant": "mean_revert|vol_contracting"
  },
  "stress": {
    "spread_bps": 10.0,
    "slippage_bps": 3.0,
    "partial_fill_prob": 0.03
  },
  "metrics": {
    "ev": -0.20281491255009565,
    "pop": 0.186,
    "pot": 0.096,
    "profit_factor": 0.7364086904775018,
    "avg_win": 3.0463146407698782,
    "avg_loss": -0.9452450070433573,
    "expectancy": -0.20281491255009554,
    "var95": -0.9927659317103239,
    "cvar95": -1.0069017516293013,
    "tail_p1": -1.012197910244091,
    "min_pl": -1.052433935235416,
    "max_pl": 5.912504290337214
  },
  "multi_seed_confidence": {
    "n_batches": 4,
    "paths_per_batch": 500,
    "ev_mean": -0.09741439856184174,
    "ev_std": 0.10682352814669306,
    "ev_5th_percentile": -0.19757657424763417,
    "pop_mean": 0.21149999999999997,
    "cvar_mean": -1.0098926579262884,
    "cvar_worst": -1.0864831474891732
  },
  "distribution_percentiles": {
    "p1": -1.012197910244091,
    "p5": -0.9927659317103239,
    "p10": -0.9826908265560383,
    "p25": -0.9668260057518676,
    "p50": -0.9507079391667137,
    "p75": -0.9424825714595289,
    "p90": 2.9883930662293983,
    "p95": 4.457129985651811,
    "p99": 5.684384940347809
  },
  "sensitivity": {
    "wide_spread_slippage_ev": -0.12788611251500553,
    "wide_spread_slippage_pop": 0.21049999999999996,
    "wide_spread_slippage_cvar95": -1.0810228164307416,
    "ev_delta_real_to_stress": -0.030471713953163795
  },
  "friction_hurdle": {
    "ev_mid": -0.07084064421301631,
    "ev_real": -0.09741439856184174,
    "ev_stress": -0.12788611251500553,
    "delta_ev_real": -0.026573754348825432,
    "delta_ev_stress": -0.05704546830198923,
    "ev_mid_R": -0.06731125046549374,
    "ev_real_R": -0.09256105803928813,
    "ev_stress_R": -0.12151462266028039
  },
  "breakevens": [
    682.0547549929566,
    683.9452450070434
  ],
  "edge_attribution": {
    "iv_rich_vs_rv": 0.029652986645886614,
    "mean_reversion_regime_probability": 1.0,
    "structure_expected_move_match": 0.03923182099240352,
    "explainable": true
  },
  "gates": {
    "regime": "mean_revert|vol_contracting",
    "ev_threshold_R": 0.05,
    "cvar_threshold_R": -1.0,
    "ev_gate": false,
    "ev_ci_gate": false,
    "cvar_gate": true,
    "cvar_worst_gate": false,
    "pop_or_pot": false,
    "slippage_sensitivity_ok": true,
    "stress_ev_not_catastrophic": true,
    "allow_trade": false
  }
}