{
  "assumptions": {
    "model": "heston",
    "spot": 682.92,
    "r": 0.03,
    "q": 0.0,
    "expiry_years": 0.07123287671232877,
    "n_paths": 5000,
    "n_batches": 4,
    "paths_per_batch": 400,
    "dt": 0.00209508460918614,
    "seed": 11,
    "strategy": "put_diagonal",
    "legs": [
      {
        "side": "short",
        "option_type": "put",
        "strike": 683,
        "qty": 1,
        "expiry_years": 0.02849315068493151
      },
      {
        "side": "long",
        "option_type": "put",
        "strike": 680,
        "qty": 1,
        "expiry_years": 0.07123287671232877
      }
    ],
    "snapshot_file": "snapshots/spy_mc_snapshot_20260224.json",
    "event_risk_high": false
  },
  "randomness_policy": {
    "comparison_mode": "paired",
    "base_seed": 11,
    "sensitivity_seed": 11,
    "crn_scope": "same_model_same_structure_friction_only",
    "cross_model_or_cross_structure": "unpaired_independent_seeds_required"
  },
  "calibration": {
    "iv_atm": 0.19510896967482647,
    "skew": 0.011309538277646799,
    "curv": 6.447950056132601,
    "term": 0.052073584954025,
    "rv10": 0.1466850051739489,
    "rv20": 0.16594477577191283,
    "jump": {
      "mu": 0.03,
      "sigma": 0.14538502650882348,
      "jump_lambda": 23.86538461538462,
      "jump_mu": -0.005711059482233119,
      "jump_sigma": 0.017595225531969357
    }
  },
  "regime_distribution": {
    "mean_revert|vol_contracting": 0.39,
    "mean_revert|vol_expanding": 0.24,
    "trend|vol_contracting": 0.19333333333333333,
    "trend|vol_expanding": 0.17666666666666667,
    "dominant": "mean_revert|vol_contracting"
  },
  "stress": {
    "spread_bps": 20.0,
    "slippage_bps": 5.0,
    "partial_fill_prob": 0.05
  },
  "metrics": {
    "ev": -0.12494585752452834,
    "pop": 0.59,
    "pot": 1.0,
    "profit_factor": 0.8183347486613611,
    "avg_win": 0.9539573955176832,
    "avg_loss": -1.6775139533657597,
    "expectancy": -0.12494585752452847,
    "var95": -2.000918194181941,
    "cvar95": -2.009754185290496,
    "tail_p1": -2.014752972393782,
    "min_pl": -2.0336049732384893,
    "max_pl": 1.0284068635866985
  },
  "multi_seed_confidence": {
    "n_batches": 4,
    "paths_per_batch": 400,
    "ev_mean": -0.1330040040272367,
    "ev_std": 0.05135030952373589,
    "ev_5th_percentile": -0.1778827608106285,
    "pop_mean": 0.588125,
    "cvar_mean": -2.010018069182891,
    "cvar_worst": -2.067178621879627
  },
  "distribution_percentiles": {
    "p1": -2.014752972393782,
    "p5": -2.000918194181941,
    "p10": -1.9940639899083454,
    "p25": -1.9888244362502978,
    "p50": 1.004550555492196,
    "p75": 1.0284068635866985,
    "p90": 1.0284068635866985,
    "p95": 1.0284068635866985,
    "p99": 1.0284068635866985
  },
  "sensitivity": {
    "wide_spread_slippage_ev": -0.1668991883245391,
    "wide_spread_slippage_pop": 0.585,
    "wide_spread_slippage_cvar95": -2.06530866011849,
    "ev_delta_real_to_stress": -0.0338951842973024
  },
  "friction_hurdle": {
    "ev_mid": -0.0990335707837359,
    "ev_real": -0.1330040040272367,
    "ev_stress": -0.1668991883245391,
    "delta_ev_real": -0.0339704332435008,
    "delta_ev_stress": -0.0678656175408032,
    "ev_mid_R": -0.04869852900980382,
    "ev_real_R": -0.06540306784135641,
    "ev_stress_R": -0.08207060393777181
  },
  "breakevens": [],
  "edge_attribution": {
    "iv_rich_vs_rv": 0.029164193902913638,
    "mean_reversion_regime_probability": 0.39,
    "structure_expected_move_match": 0.0,
    "explainable": false
  },
  "gates": {
    "regime": "mean_revert|vol_contracting",
    "ev_threshold_R": 0.05,
    "cvar_threshold_R": -1.0,
    "ev_gate": false,
    "ev_ci_gate": false,
    "cvar_gate": true,
    "cvar_worst_gate": false,
    "pop_or_pot": true,
    "slippage_sensitivity_ok": true,
    "stress_ev_not_catastrophic": true,
    "allow_trade": false
  }
}