{
  "assumptions": {
    "model": "gbm",
    "spot": 682.92,
    "r": 0.03,
    "q": 0.0,
    "expiry_years": 0.0273972602739726,
    "n_paths": 5000,
    "n_batches": 10,
    "paths_per_batch": 700,
    "dt": 0.002107481559536354,
    "seed": 42,
    "strategy": "put_calendar",
    "legs": [
      {
        "side": "short",
        "option_type": "put",
        "strike": 683,
        "qty": 1,
        "expiry_years": 0.010958904109589041
      },
      {
        "side": "long",
        "option_type": "put",
        "strike": 683,
        "qty": 1,
        "expiry_years": 0.0273972602739726
      }
    ],
    "snapshot_file": "snapshots/spy_mc_snapshot_20260224.json",
    "event_risk_high": false
  },
  "randomness_policy": {
    "comparison_mode": "paired",
    "base_seed": 42,
    "sensitivity_seed": 42,
    "crn_scope": "same_model_same_structure_friction_only",
    "cross_model_or_cross_structure": "unpaired_independent_seeds_required"
  },
  "calibration": {
    "iv_atm": 0.19510896967482647,
    "skew": 0.011309538277646799,
    "curv": 6.447950056132601,
    "term": 0.052073584954025,
    "rv10": 0.14625294236450842,
    "rv20": 0.16545598302893985,
    "jump": {
      "mu": 0.03,
      "sigma": 0.14495679280538878,
      "jump_lambda": 23.725000000000005,
      "jump_mu": -0.005711059482233119,
      "jump_sigma": 0.017595225531969357
    }
  },
  "regime_distribution": {
    "mean_revert|vol_contracting": 1.0,
    "dominant": "mean_revert|vol_contracting"
  },
  "stress": {
    "spread_bps": 10.0,
    "slippage_bps": 3.0,
    "partial_fill_prob": 0.03
  },
  "metrics": {
    "ev": -0.02007748226988635,
    "pop": 0.0,
    "pot": 1.0,
    "profit_factor": 0.0,
    "avg_win": 0.0,
    "avg_loss": -0.02007748226988635,
    "expectancy": -0.02007748226988635,
    "var95": -0.03253132987484584,
    "cvar95": -0.036408633567003995,
    "tail_p1": -0.03944399544679637,
    "min_pl": -0.04589156969086616,
    "max_pl": -0.010370036541739765
  },
  "multi_seed_confidence": {
    "n_batches": 10,
    "paths_per_batch": 700,
    "ev_mean": -0.019910813928729572,
    "ev_std": 0.0002779365149111619,
    "ev_5th_percentile": -0.020297915612229385,
    "pop_mean": 0.0,
    "cvar_mean": -0.03598429602763975,
    "cvar_worst": -0.06274399968655071
  },
  "distribution_percentiles": {
    "p1": -0.03944399544679637,
    "p5": -0.03253132987484584,
    "p10": -0.030403749330662498,
    "p25": -0.02802216948774988,
    "p50": -0.025499553672234,
    "p75": -0.010370036541739765,
    "p90": -0.010370036541739765,
    "p95": -0.010370036541739765,
    "p99": -0.010370036541739765
  },
  "sensitivity": {
    "wide_spread_slippage_ev": -0.03136101491816676,
    "wide_spread_slippage_pop": 0.0,
    "wide_spread_slippage_cvar95": -0.06034524801083789,
    "ev_delta_real_to_stress": -0.011450200989437186
  },
  "friction_hurdle": {
    "ev_mid": -0.012750799621603836,
    "ev_real": -0.019910813928729572,
    "ev_stress": -0.03136101491816676,
    "delta_ev_real": -0.007160014307125736,
    "delta_ev_stress": -0.01861021529656292,
    "ev_mid_R": -0.2778462298739291,
    "ev_real_R": -0.4338664827298866,
    "ev_stress_R": -0.6833720251763052
  },
  "breakevens": [],
  "edge_attribution": {
    "iv_rich_vs_rv": 0.029652986645886614,
    "mean_reversion_regime_probability": 1.0,
    "structure_expected_move_match": 0.0,
    "explainable": false
  },
  "gates": {
    "regime": "mean_revert|vol_contracting",
    "ev_threshold_R": 0.05,
    "cvar_threshold_R": -1.0,
    "ev_gate": false,
    "ev_ci_gate": false,
    "cvar_gate": true,
    "cvar_worst_gate": false,
    "pop_or_pot": true,
    "slippage_sensitivity_ok": true,
    "stress_ev_not_catastrophic": false,
    "allow_trade": false
  }
}