{
  "generated_at": "2026-03-06T17:12:08.481931+00:00",
  "config_hash": "60574dc64b5796e98fb8751ebd48573602baf77f0d1b8396c0ca5820090f36a8",
  "n_batches": 10,
  "paths_per_batch": 500,
  "n_total_paths": 5000,
  "base_seed": 3019,
  "crn_scope": "same_model_same_structure_friction_only",
  "assumptions": {
    "model": "jump",
    "spot": 674.63,
    "r": 0.03,
    "q": 0.0,
    "expiry_years": 0.019178082191780823,
    "n_paths": 5000,
    "n_batches": 10,
    "paths_per_batch": 500,
    "dt": 0.0006849315068493151,
    "seed": 3019,
    "strategy": "put_diagonal",
    "legs": [
      {
        "side": "short",
        "option_type": "put",
        "strike": 675,
        "qty": 1,
        "expiry_years": 0.0076712328767123295
      },
      {
        "side": "long",
        "option_type": "put",
        "strike": 672,
        "qty": 1,
        "expiry_years": 0.019178082191780823
      }
    ],
    "snapshot_file": null,
    "event_risk_high": false
  },
  "randomness_policy": {
    "comparison_mode": "paired",
    "base_seed": 3019,
    "sensitivity_seed": 3019,
    "crn_scope": "same_model_same_structure_friction_only",
    "cross_model_or_cross_structure": "unpaired_independent_seeds_required"
  },
  "calibration": {
    "iv_atm": 0.25,
    "skew": -0.25,
    "curv": 0.1,
    "term": 0.0,
    "rv10": null,
    "rv20": null,
    "jump": {
      "mu": 0.03,
      "sigma": 0.25,
      "jump_lambda": 0.25,
      "jump_mu": -0.06,
      "jump_sigma": 0.2
    }
  },
  "regime_distribution": {
    "mean_revert|vol_expanding": 0.21,
    "trend|vol_contracting": 0.19666666666666666,
    "trend|vol_expanding": 0.14666666666666667,
    "mean_revert|vol_contracting": 0.44666666666666666,
    "dominant": "mean_revert|vol_contracting"
  },
  "stress": {
    "spread_bps": 30.0,
    "slippage_bps": 8.0,
    "partial_fill_prob": 0.1
  },
  "metrics": {
    "ev": 0.21245210135165057,
    "pop": 0.61,
    "pot": 1.0,
    "profit_factor": 1.3926383606683923,
    "avg_win": 1.2353124601263332,
    "avg_loss": -1.3874064085266993,
    "expectancy": 0.2124521013516506,
    "var95": -1.6678106502847245,
    "cvar95": -1.676872349778011,
    "tail_p1": -1.681468152353868,
    "min_pl": -1.7022540519629903,
    "max_pl": 1.3663286972327229
  },
  "multi_seed_confidence": {
    "n_batches": 10,
    "paths_per_batch": 500,
    "n_total_paths": 5000,
    "ev_mean": 0.1580290343953111,
    "ev_std": 0.07528604217949603,
    "ev_5th_percentile": 0.020575416457150567,
    "pop_mean": 0.5884,
    "cvar_mean": -1.676536117419157,
    "cvar_worst": -1.7401638237541752
  },
  "distribution_percentiles": {
    "p1": -1.681468152353868,
    "p5": -1.6678106502847245,
    "p10": -1.6605636983211176,
    "p25": -1.650254604826384,
    "p50": 1.2951235759162103,
    "p75": 1.3663286972327229,
    "p90": 1.3663286972327229,
    "p95": 1.3663286972327229,
    "p99": 1.3663286972327229
  },
  "sensitivity": {
    "wide_spread_slippage_ev": 0.12348627905273717,
    "wide_spread_slippage_pop": 0.5853999999999999,
    "wide_spread_slippage_cvar95": -1.7347715195141835,
    "ev_delta_real_to_stress": -0.034542755342573936
  },
  "friction_hurdle": {
    "ev_mid": 0.19218173274213995,
    "ev_real": 0.1580290343953111,
    "ev_stress": 0.12348627905273717,
    "delta_ev_real": -0.03415269834682885,
    "delta_ev_stress": -0.06869545368940279,
    "ev_mid_R": 0.11289838465681519,
    "ev_real_R": 0.09283516418308806,
    "ev_stress_R": 0.07254280223938157
  },
  "breakevens": [],
  "edge_attribution": {
    "iv_rich_vs_rv": null,
    "mean_reversion_regime_probability": 0.44666666666666666,
    "structure_expected_move_match": 0.0,
    "signals_present": 2,
    "signals_pass": 1,
    "thresholds": {
      "regime_prob_min": 0.2,
      "structure_match_min": 0.05,
      "min_signals_pass": 2
    },
    "explainable": false
  },
  "gates": {
    "regime": "mean_revert|vol_contracting",
    "ev_threshold_R": 0.05,
    "cvar_threshold_R": -1.0,
    "ev_gate": true,
    "ev_ci_gate": false,
    "cvar_gate": true,
    "cvar_worst_gate": false,
    "pop_or_pot": true,
    "slippage_sensitivity_ok": true,
    "stress_ev_not_catastrophic": true,
    "allow_trade": false
  }
}