{
  "generated_at": "2026-03-05T17:30:23.825976+00:00",
  "config_hash": "04147e82d5f23585305964d6c1c6f59f441e4d612efbf69a64196f28eee4ee91",
  "n_batches": 10,
  "paths_per_batch": 500,
  "n_total_paths": 5000,
  "base_seed": 3019,
  "crn_scope": "same_model_same_structure_friction_only",
  "assumptions": {
    "model": "jump",
    "spot": 680.935,
    "r": 0.03,
    "q": 0.0,
    "expiry_years": 0.019178082191780823,
    "n_paths": 5000,
    "n_batches": 10,
    "paths_per_batch": 500,
    "dt": 0.0006849315068493151,
    "seed": 3019,
    "strategy": "put_diagonal",
    "legs": [
      {
        "side": "short",
        "option_type": "put",
        "strike": 681,
        "qty": 1,
        "expiry_years": 0.0076712328767123295
      },
      {
        "side": "long",
        "option_type": "put",
        "strike": 678,
        "qty": 1,
        "expiry_years": 0.019178082191780823
      }
    ],
    "snapshot_file": null,
    "event_risk_high": false
  },
  "randomness_policy": {
    "comparison_mode": "paired",
    "base_seed": 3019,
    "sensitivity_seed": 3019,
    "crn_scope": "same_model_same_structure_friction_only",
    "cross_model_or_cross_structure": "unpaired_independent_seeds_required"
  },
  "calibration": {
    "iv_atm": 0.25,
    "skew": -0.25,
    "curv": 0.1,
    "term": 0.0,
    "rv10": null,
    "rv20": null,
    "jump": {
      "mu": 0.03,
      "sigma": 0.25,
      "jump_lambda": 0.25,
      "jump_mu": -0.06,
      "jump_sigma": 0.2
    }
  },
  "regime_distribution": {
    "mean_revert|vol_expanding": 0.21,
    "trend|vol_contracting": 0.19666666666666666,
    "trend|vol_expanding": 0.14666666666666667,
    "mean_revert|vol_contracting": 0.44666666666666666,
    "dominant": "mean_revert|vol_contracting"
  },
  "stress": {
    "spread_bps": 30.0,
    "slippage_bps": 8.0,
    "partial_fill_prob": 0.1
  },
  "metrics": {
    "ev": 0.26651433531554836,
    "pop": 0.634,
    "pot": 1.0,
    "profit_factor": 1.5198514960371363,
    "avg_win": 1.2290036514112865,
    "avg_loss": -1.40074857835849,
    "expectancy": 0.26651433531554836,
    "var95": -1.681317909658693,
    "cvar95": -1.6903985661598102,
    "tail_p1": -1.6950232187014516,
    "min_pl": -1.7159865033984767,
    "max_pl": 1.3517394256757203
  },
  "multi_seed_confidence": {
    "n_batches": 10,
    "paths_per_batch": 500,
    "n_total_paths": 5000,
    "ev_mean": 0.21808043745476818,
    "ev_std": 0.07287845395194611,
    "ev_5th_percentile": 0.08476433347532103,
    "pop_mean": 0.6162000000000001,
    "cvar_mean": -1.690045442084093,
    "cvar_worst": -1.7527147191892944
  },
  "distribution_percentiles": {
    "p1": -1.6950232187014516,
    "p5": -1.681317909658693,
    "p10": -1.6743771299070478,
    "p25": -1.6186057010049653,
    "p50": 1.3432223505570997,
    "p75": 1.3517394256757203,
    "p90": 1.3517394256757203,
    "p95": 1.3517394256757203,
    "p99": 1.3517394256757203
  },
  "sensitivity": {
    "wide_spread_slippage_ev": 0.18408322703983027,
    "wide_spread_slippage_pop": 0.6136000000000001,
    "wide_spread_slippage_cvar95": -1.7472629543949931,
    "ev_delta_real_to_stress": -0.03399721041493792
  },
  "friction_hurdle": {
    "ev_mid": 0.2516652292491405,
    "ev_real": 0.21808043745476818,
    "ev_stress": 0.18408322703983027,
    "delta_ev_real": -0.03358479179437229,
    "delta_ev_stress": -0.06758200220931021,
    "ev_mid_R": 0.1466592125000532,
    "ev_real_R": 0.12708750157583656,
    "ev_stress_R": 0.1072754515698446
  },
  "breakevens": [],
  "edge_attribution": {
    "iv_rich_vs_rv": null,
    "mean_reversion_regime_probability": 0.44666666666666666,
    "structure_expected_move_match": 0.0,
    "signals_present": 2,
    "signals_pass": 1,
    "thresholds": {
      "regime_prob_min": 0.2,
      "structure_match_min": 0.05,
      "min_signals_pass": 2
    },
    "explainable": false
  },
  "gates": {
    "regime": "mean_revert|vol_contracting",
    "ev_threshold_R": 0.05,
    "cvar_threshold_R": -1.0,
    "ev_gate": true,
    "ev_ci_gate": true,
    "cvar_gate": true,
    "cvar_worst_gate": false,
    "pop_or_pot": true,
    "slippage_sensitivity_ok": true,
    "stress_ev_not_catastrophic": true,
    "allow_trade": false
  }
}