{
  "generated_at": "2026-03-05T18:00:14.427215+00:00",
  "config_hash": "578532f96fe5becc01ce6a7dd91c686c9cd844edbc27ee00bbb0f8995c36f53e",
  "n_batches": 10,
  "paths_per_batch": 500,
  "n_total_paths": 5000,
  "base_seed": 3019,
  "crn_scope": "same_model_same_structure_friction_only",
  "assumptions": {
    "model": "jump",
    "spot": 677.475,
    "r": 0.03,
    "q": 0.0,
    "expiry_years": 0.019178082191780823,
    "n_paths": 5000,
    "n_batches": 10,
    "paths_per_batch": 500,
    "dt": 0.0006849315068493151,
    "seed": 3019,
    "strategy": "put_diagonal",
    "legs": [
      {
        "side": "short",
        "option_type": "put",
        "strike": 677,
        "qty": 1,
        "expiry_years": 0.0076712328767123295
      },
      {
        "side": "long",
        "option_type": "put",
        "strike": 674,
        "qty": 1,
        "expiry_years": 0.019178082191780823
      }
    ],
    "snapshot_file": null,
    "event_risk_high": false
  },
  "randomness_policy": {
    "comparison_mode": "paired",
    "base_seed": 3019,
    "sensitivity_seed": 3019,
    "crn_scope": "same_model_same_structure_friction_only",
    "cross_model_or_cross_structure": "unpaired_independent_seeds_required"
  },
  "calibration": {
    "iv_atm": 0.25,
    "skew": -0.25,
    "curv": 0.1,
    "term": 0.0,
    "rv10": null,
    "rv20": null,
    "jump": {
      "mu": 0.03,
      "sigma": 0.25,
      "jump_lambda": 0.25,
      "jump_mu": -0.06,
      "jump_sigma": 0.2
    }
  },
  "regime_distribution": {
    "mean_revert|vol_expanding": 0.21,
    "trend|vol_contracting": 0.19666666666666666,
    "trend|vol_expanding": 0.14666666666666667,
    "mean_revert|vol_contracting": 0.44666666666666666,
    "dominant": "mean_revert|vol_contracting"
  },
  "stress": {
    "spread_bps": 30.0,
    "slippage_bps": 8.0,
    "partial_fill_prob": 0.1
  },
  "metrics": {
    "ev": 0.3631425707135859,
    "pop": 0.672,
    "pot": 1.0,
    "profit_factor": 1.7935966655207534,
    "avg_win": 1.2213294913232047,
    "avg_loss": -1.395094047120755,
    "expectancy": 0.36314257071358597,
    "var95": -1.7049809188654164,
    "cvar95": -1.7139141405807359,
    "tail_p1": -1.7183581690268428,
    "min_pl": -1.739306633986618,
    "max_pl": 1.3254162678201111
  },
  "multi_seed_confidence": {
    "n_batches": 10,
    "paths_per_batch": 500,
    "n_total_paths": 5000,
    "ev_mean": 0.328450256988695,
    "ev_std": 0.06768026916534306,
    "ev_5th_percentile": 0.20780182433033995,
    "pop_mean": 0.659,
    "cvar_mean": -1.7135600948449483,
    "cvar_worst": -1.7730025825133169
  },
  "distribution_percentiles": {
    "p1": -1.7183581690268428,
    "p5": -1.7049809188654164,
    "p10": -1.6989321340128807,
    "p25": -1.1694384636086599,
    "p50": 1.3197001215878674,
    "p75": 1.3254162678201111,
    "p90": 1.3254162678201111,
    "p95": 1.3254162678201111,
    "p99": 1.3254162678201111
  },
  "sensitivity": {
    "wide_spread_slippage_ev": 0.2961604058848578,
    "wide_spread_slippage_pop": 0.657,
    "wide_spread_slippage_cvar95": -1.7675597943453607,
    "ev_delta_real_to_stress": -0.0322898511038372
  },
  "friction_hurdle": {
    "ev_mid": 0.36005834881097953,
    "ev_real": 0.328450256988695,
    "ev_stress": 0.2961604058848578,
    "delta_ev_real": -0.03160809182228452,
    "delta_ev_stress": -0.06389794292612172,
    "ev_mid_R": 0.20701257718180463,
    "ev_real_R": 0.1888397655540835,
    "ev_stress_R": 0.1702749820519206
  },
  "breakevens": [],
  "edge_attribution": {
    "iv_rich_vs_rv": null,
    "mean_reversion_regime_probability": 0.44666666666666666,
    "structure_expected_move_match": 0.0,
    "signals_present": 2,
    "signals_pass": 1,
    "thresholds": {
      "regime_prob_min": 0.2,
      "structure_match_min": 0.05,
      "min_signals_pass": 2
    },
    "explainable": false
  },
  "gates": {
    "regime": "mean_revert|vol_contracting",
    "ev_threshold_R": 0.05,
    "cvar_threshold_R": -1.0,
    "ev_gate": true,
    "ev_ci_gate": true,
    "cvar_gate": true,
    "cvar_worst_gate": false,
    "pop_or_pot": true,
    "slippage_sensitivity_ok": true,
    "stress_ev_not_catastrophic": true,
    "allow_trade": false
  }
}