{
  "generated_at": "2026-03-05T22:12:06.206049+00:00",
  "config_hash": "075a68edb4dbb1624a907ab7c43757f8f6d3fc0b63c741ddf3a2886d16208afa",
  "n_batches": 10,
  "paths_per_batch": 500,
  "n_total_paths": 5000,
  "base_seed": 3019,
  "crn_scope": "same_model_same_structure_friction_only",
  "assumptions": {
    "model": "jump",
    "spot": 680.395,
    "r": 0.03,
    "q": 0.0,
    "expiry_years": 0.019178082191780823,
    "n_paths": 5000,
    "n_batches": 10,
    "paths_per_batch": 500,
    "dt": 0.0006849315068493151,
    "seed": 3019,
    "strategy": "put_diagonal",
    "legs": [
      {
        "side": "short",
        "option_type": "put",
        "strike": 680,
        "qty": 1,
        "expiry_years": 0.0076712328767123295
      },
      {
        "side": "long",
        "option_type": "put",
        "strike": 677,
        "qty": 1,
        "expiry_years": 0.019178082191780823
      }
    ],
    "snapshot_file": null,
    "event_risk_high": false
  },
  "randomness_policy": {
    "comparison_mode": "paired",
    "base_seed": 3019,
    "sensitivity_seed": 3019,
    "crn_scope": "same_model_same_structure_friction_only",
    "cross_model_or_cross_structure": "unpaired_independent_seeds_required"
  },
  "calibration": {
    "iv_atm": 0.25,
    "skew": -0.25,
    "curv": 0.1,
    "term": 0.0,
    "rv10": null,
    "rv20": null,
    "jump": {
      "mu": 0.03,
      "sigma": 0.25,
      "jump_lambda": 0.25,
      "jump_mu": -0.06,
      "jump_sigma": 0.2
    }
  },
  "regime_distribution": {
    "mean_revert|vol_expanding": 0.21,
    "trend|vol_contracting": 0.19666666666666666,
    "trend|vol_expanding": 0.14666666666666667,
    "mean_revert|vol_contracting": 0.44666666666666666,
    "dominant": "mean_revert|vol_contracting"
  },
  "stress": {
    "spread_bps": 30.0,
    "slippage_bps": 8.0,
    "partial_fill_prob": 0.1
  },
  "metrics": {
    "ev": 0.3480994553143678,
    "pop": 0.662,
    "pot": 1.0,
    "profit_factor": 1.7460290673460637,
    "avg_win": 1.2306684716593046,
    "avg_loss": -1.3804824642724616,
    "expectancy": 0.3480994553143677,
    "var95": -1.7013958175143447,
    "cvar95": -1.710381139508769,
    "tail_p1": -1.7148911635307116,
    "min_pl": -1.7358946231545236,
    "max_pl": 1.3295180264642892
  },
  "multi_seed_confidence": {
    "n_batches": 10,
    "paths_per_batch": 500,
    "n_total_paths": 5000,
    "ev_mean": 0.31098337213901417,
    "ev_std": 0.06856692946919307,
    "ev_5th_percentile": 0.18798366931137875,
    "pop_mean": 0.6517999999999999,
    "cvar_mean": -1.7100223156321745,
    "cvar_worst": -1.7701954380347729
  },
  "distribution_percentiles": {
    "p1": -1.7148911635307116,
    "p5": -1.7013958175143447,
    "p10": -1.6951579984078406,
    "p25": -1.2582159390419432,
    "p50": 1.323752100449488,
    "p75": 1.3295180264642892,
    "p90": 1.3295180264642892,
    "p95": 1.3295180264642892,
    "p99": 1.3295180264642892
  },
  "sensitivity": {
    "wide_spread_slippage_ev": 0.27831307741370964,
    "wide_spread_slippage_pop": 0.6506000000000001,
    "wide_spread_slippage_cvar95": -1.7647326598000252,
    "ev_delta_real_to_stress": -0.03267029472530453
  },
  "friction_hurdle": {
    "ev_mid": 0.34304902354869216,
    "ev_real": 0.31098337213901417,
    "ev_stress": 0.27831307741370964,
    "delta_ev_real": -0.03206565140967799,
    "delta_ev_stress": -0.06473594613498251,
    "ev_mid_R": 0.19762088030740738,
    "ev_real_R": 0.1791487616764923,
    "ev_stress_R": 0.16032832506154673
  },
  "breakevens": [],
  "edge_attribution": {
    "iv_rich_vs_rv": null,
    "mean_reversion_regime_probability": 0.44666666666666666,
    "structure_expected_move_match": 0.0,
    "signals_present": 2,
    "signals_pass": 1,
    "thresholds": {
      "regime_prob_min": 0.2,
      "structure_match_min": 0.05,
      "min_signals_pass": 2
    },
    "explainable": false
  },
  "gates": {
    "regime": "mean_revert|vol_contracting",
    "ev_threshold_R": 0.05,
    "cvar_threshold_R": -1.0,
    "ev_gate": true,
    "ev_ci_gate": true,
    "cvar_gate": true,
    "cvar_worst_gate": false,
    "pop_or_pot": true,
    "slippage_sensitivity_ok": true,
    "stress_ev_not_catastrophic": true,
    "allow_trade": false
  }
}