{
  "assumptions": {
    "model": "heston",
    "spot": 689.81,
    "r": 0.03,
    "q": 0.0,
    "expiry_years": 0.0027397260273972603,
    "n_paths": 5000,
    "n_batches": 5,
    "paths_per_batch": 800,
    "dt": 0.0006849315068493151,
    "seed": 42,
    "strategy": "iron_fly",
    "legs": [
      {
        "side": "short",
        "option_type": "call",
        "strike": 690,
        "qty": 1,
        "expiry_years": null
      },
      {
        "side": "short",
        "option_type": "put",
        "strike": 690,
        "qty": 1,
        "expiry_years": null
      },
      {
        "side": "long",
        "option_type": "call",
        "strike": 697,
        "qty": 1,
        "expiry_years": null
      },
      {
        "side": "long",
        "option_type": "put",
        "strike": 683,
        "qty": 1,
        "expiry_years": null
      }
    ],
    "snapshot_file": "experiments/chain_snapshot_with_returns.json",
    "event_risk_high": false
  },
  "randomness_policy": {
    "comparison_mode": "paired",
    "base_seed": 42,
    "sensitivity_seed": 42,
    "crn_scope": "same_model_same_structure_friction_only",
    "cross_model_or_cross_structure": "unpaired_independent_seeds_required"
  },
  "calibration": {
    "iv_atm": 0.4322705098312481,
    "skew": -0.43916933137193687,
    "curv": 67.67670905079058,
    "term": -0.463687439258477,
    "rv10": 0.09009772472154888,
    "rv20": 0.09656992285385756,
    "jump": {
      "mu": 0.03,
      "sigma": 0.11258390648756153,
      "jump_lambda": 58.400000000000006,
      "jump_mu": -0.006,
      "jump_sigma": 0.01
    }
  },
  "regime_distribution": {
    "mean_revert|vol_contracting": 1.0,
    "dominant": "mean_revert|vol_contracting"
  },
  "stress": {
    "spread_bps": 30.0,
    "slippage_bps": 8.0,
    "partial_fill_prob": 0.1
  },
  "metrics": {
    "ev": -0.0490073669101089,
    "pop": 0.325,
    "pot": 0.0,
    "profit_factor": 0.9514930714540047,
    "avg_win": 2.957875310912117,
    "avg_loss": -1.4967656932689584,
    "expectancy": -0.049007366910108985,
    "var95": -1.6343721073882949,
    "cvar95": -1.654486830497671,
    "tail_p1": -1.6652713478815027,
    "min_pl": -1.717468842084652,
    "max_pl": 5.250799321438992
  },
  "multi_seed_confidence": {
    "n_batches": 5,
    "paths_per_batch": 800,
    "ev_mean": -0.13607735168967722,
    "ev_std": 0.04801903405391386,
    "ev_5th_percentile": -0.1831436313786318,
    "pop_mean": 0.31225,
    "cvar_mean": -1.658141973122289,
    "cvar_worst": -1.8001230202712883
  },
  "distribution_percentiles": {
    "p1": -1.6652713478815027,
    "p5": -1.6343721073882949,
    "p10": -1.6087230172272702,
    "p25": -1.5786177317440169,
    "p50": -1.5500897857896128,
    "p75": 1.525584032023839,
    "p90": 4.0390585452513195,
    "p95": 4.767996002538281,
    "p99": 5.230212309604127
  },
  "sensitivity": {
    "wide_spread_slippage_ev": -0.19592465380656865,
    "wide_spread_slippage_pop": 0.31,
    "wide_spread_slippage_cvar95": -1.7923626610213865,
    "ev_delta_real_to_stress": -0.05984730211689143
  },
  "friction_hurdle": {
    "ev_mid": -0.08129189844869755,
    "ev_real": -0.13607735168967722,
    "ev_stress": -0.19592465380656865,
    "delta_ev_real": -0.054785453240979665,
    "delta_ev_stress": -0.1146327553578711,
    "ev_mid_R": -0.047332386158473766,
    "ev_real_R": -0.07923133646168944,
    "ev_stress_R": -0.1140775593743853
  },
  "breakevens": [
    688.5032343067311,
    691.4967656932689
  ],
  "edge_attribution": {
    "iv_rich_vs_rv": 0.3357005869773905,
    "mean_reversion_regime_probability": 1.0,
    "structure_expected_move_match": 0.0837257530435791,
    "explainable": true
  },
  "gates": {
    "regime": "mean_revert|vol_contracting",
    "ev_threshold_R": 0.05,
    "cvar_threshold_R": -1.0,
    "ev_gate": false,
    "ev_ci_gate": false,
    "cvar_gate": true,
    "cvar_worst_gate": false,
    "pop_or_pot": false,
    "slippage_sensitivity_ok": true,
    "stress_ev_not_catastrophic": true,
    "allow_trade": false
  }
}