{
  "assumptions": {
    "model": "jump",
    "spot": 690.0,
    "r": 0.03,
    "q": 0.0,
    "expiry_years": 0.0136986301369863,
    "n_paths": 800,
    "dt": 0.0006849315068493151,
    "seed": 42,
    "strategy": "iron_fly",
    "legs": [
      {
        "side": "short",
        "option_type": "call",
        "strike": 690,
        "qty": 1
      },
      {
        "side": "short",
        "option_type": "put",
        "strike": 690,
        "qty": 1
      },
      {
        "side": "long",
        "option_type": "call",
        "strike": 697,
        "qty": 1
      },
      {
        "side": "long",
        "option_type": "put",
        "strike": 683,
        "qty": 1
      }
    ]
  },
  "stress": {
    "spread_bps": 30.0,
    "slippage_bps": 8.0,
    "partial_fill_prob": 0.1
  },
  "metrics": {
    "ev": -0.14298429626149162,
    "pop": 0.23375,
    "pot": 0.0,
    "profit_factor": 0.8248881820033922,
    "avg_win": 2.8814848956202255,
    "avg_loss": -1.0656200856283449,
    "expectancy": -0.14298429626149156,
    "var95": -1.1797947217550844,
    "cvar95": -1.2320936432661724,
    "tail_p1": -1.2538586198662311,
    "min_pl": -1.595979590839506,
    "max_pl": 5.845773307937278
  },
  "distribution_percentiles": {
    "p1": -1.2538586198662311,
    "p5": -1.1797947217550844,
    "p10": -1.153712188346714,
    "p25": -1.1104660191911173,
    "p50": -1.067865313412499,
    "p75": -0.4496244870744972,
    "p90": 3.325242339213158,
    "p95": 4.574028645541184,
    "p99": 5.54488027690943
  },
  "sensitivity": {
    "wide_spread_slippage_ev": -0.17009300121432916,
    "wide_spread_slippage_pop": 0.2475,
    "wide_spread_slippage_cvar95": -1.4494213964177018,
    "ev_delta": -0.027108704952837542
  },
  "breakevens": []
}