{
  "assumptions": {
    "model": "jump",
    "spot": 682.92,
    "r": 0.03,
    "q": 0.0,
    "expiry_years": 0.07123287671232877,
    "n_paths": 5000,
    "n_batches": 4,
    "paths_per_batch": 400,
    "dt": 0.00209508460918614,
    "seed": 11,
    "strategy": "put_diagonal",
    "legs": [
      {
        "side": "short",
        "option_type": "put",
        "strike": 683,
        "qty": 1,
        "expiry_years": 0.02849315068493151
      },
      {
        "side": "long",
        "option_type": "put",
        "strike": 680,
        "qty": 1,
        "expiry_years": 0.07123287671232877
      }
    ],
    "snapshot_file": "snapshots/spy_mc_snapshot_20260224.json",
    "event_risk_high": false
  },
  "randomness_policy": {
    "comparison_mode": "paired",
    "base_seed": 11,
    "sensitivity_seed": 11,
    "crn_scope": "same_model_same_structure_friction_only",
    "cross_model_or_cross_structure": "unpaired_independent_seeds_required"
  },
  "calibration": {
    "iv_atm": 0.19510896967482647,
    "skew": 0.011309538277646799,
    "curv": 6.447950056132601,
    "term": 0.052073584954025,
    "rv10": 0.1466850051739489,
    "rv20": 0.16594477577191283,
    "jump": {
      "mu": 0.03,
      "sigma": 0.14538502650882348,
      "jump_lambda": 23.86538461538462,
      "jump_mu": -0.005711059482233119,
      "jump_sigma": 0.017595225531969357
    }
  },
  "regime_distribution": {
    "mean_revert|vol_contracting": 0.38,
    "mean_revert|vol_expanding": 0.24666666666666667,
    "trend|vol_contracting": 0.18333333333333332,
    "trend|vol_expanding": 0.19,
    "dominant": "mean_revert|vol_contracting"
  },
  "stress": {
    "spread_bps": 20.0,
    "slippage_bps": 5.0,
    "partial_fill_prob": 0.05
  },
  "metrics": {
    "ev": -0.12974610743688642,
    "pop": 0.5875,
    "pot": 0.9975,
    "profit_factor": 0.8123332797558607,
    "avg_win": 0.9559461931113848,
    "avg_loss": -1.6760351415510903,
    "expectancy": -0.12974610743688608,
    "var95": -2.00103702084946,
    "cvar95": -2.020175065288848,
    "tail_p1": -2.0179117785779916,
    "min_pl": -2.210442233851385,
    "max_pl": 1.0284068635866985
  },
  "multi_seed_confidence": {
    "n_batches": 4,
    "paths_per_batch": 400,
    "ev_mean": -0.13184616544517364,
    "ev_std": 0.051219655426700615,
    "ev_5th_percentile": -0.17490293385522493,
    "pop_mean": 0.5875,
    "cvar_mean": -2.0125860499553956,
    "cvar_worst": -2.080508604034063
  },
  "distribution_percentiles": {
    "p1": -2.0179117785779916,
    "p5": -2.00103702084946,
    "p10": -1.994199451773796,
    "p25": -1.9889168255493455,
    "p50": 1.001599884084007,
    "p75": 1.0284068635866985,
    "p90": 1.0284068635866985,
    "p95": 1.0284068635866985,
    "p99": 1.0284068635866985
  },
  "sensitivity": {
    "wide_spread_slippage_ev": -0.16579518333952334,
    "wide_spread_slippage_pop": 0.5862499999999999,
    "wide_spread_slippage_cvar95": -2.068959734842477,
    "ev_delta_real_to_stress": -0.0339490178943497
  },
  "friction_hurdle": {
    "ev_mid": -0.0977470216794497,
    "ev_real": -0.13184616544517364,
    "ev_stress": -0.16579518333952334,
    "delta_ev_real": -0.03409914376572394,
    "delta_ev_stress": -0.06804816166007364,
    "ev_mid_R": -0.044220572780650884,
    "ev_real_R": -0.059646962687394105,
    "ev_stress_R": -0.07500543592611716
  },
  "breakevens": [],
  "edge_attribution": {
    "iv_rich_vs_rv": 0.029164193902913638,
    "mean_reversion_regime_probability": 0.38,
    "structure_expected_move_match": 0.0,
    "explainable": false
  },
  "gates": {
    "regime": "mean_revert|vol_contracting",
    "ev_threshold_R": 0.05,
    "cvar_threshold_R": -1.0,
    "ev_gate": false,
    "ev_ci_gate": false,
    "cvar_gate": true,
    "cvar_worst_gate": true,
    "pop_or_pot": true,
    "slippage_sensitivity_ok": true,
    "stress_ev_not_catastrophic": true,
    "allow_trade": false
  }
}