{
  "assumptions": {
    "model": "jump",
    "spot": 682.92,
    "r": 0.03,
    "q": 0.0,
    "expiry_years": 0.07123287671232877,
    "n_paths": 5000,
    "n_batches": 4,
    "paths_per_batch": 500,
    "dt": 0.00209508460918614,
    "seed": 21,
    "strategy": "put_debit_spread",
    "legs": [
      {
        "side": "long",
        "option_type": "put",
        "strike": 683,
        "qty": 1,
        "expiry_years": null
      },
      {
        "side": "short",
        "option_type": "put",
        "strike": 681,
        "qty": 1,
        "expiry_years": null
      }
    ],
    "snapshot_file": "snapshots/spy_mc_snapshot_20260224.json",
    "event_risk_high": false
  },
  "randomness_policy": {
    "comparison_mode": "paired",
    "base_seed": 21,
    "sensitivity_seed": 21,
    "crn_scope": "same_model_same_structure_friction_only",
    "cross_model_or_cross_structure": "unpaired_independent_seeds_required"
  },
  "calibration": {
    "iv_atm": 0.19510896967482647,
    "skew": 0.011309538277646799,
    "curv": 6.447950056132601,
    "term": 0.052073584954025,
    "rv10": 0.1466850051739489,
    "rv20": 0.16594477577191283,
    "jump": {
      "mu": 0.03,
      "sigma": 0.14538502650882348,
      "jump_lambda": 23.86538461538462,
      "jump_mu": -0.005711059482233119,
      "jump_sigma": 0.017595225531969357
    }
  },
  "regime_distribution": {
    "mean_revert|vol_contracting": 0.36666666666666664,
    "trend|vol_contracting": 0.21,
    "trend|vol_expanding": 0.17666666666666667,
    "mean_revert|vol_expanding": 0.24666666666666667,
    "dominant": "mean_revert|vol_contracting"
  },
  "stress": {
    "spread_bps": 10.0,
    "slippage_bps": 3.0,
    "partial_fill_prob": 0.03
  },
  "metrics": {
    "ev": -0.2685373069196061,
    "pop": 0.368,
    "pot": 0.368,
    "profit_factor": 0.5693893977894263,
    "avg_win": 0.9648981376552269,
    "avg_loss": -0.9867402240138127,
    "expectancy": -0.2685373069196061,
    "var95": -0.9866397682986436,
    "cvar95": -0.9898253303526608,
    "tail_p1": -0.9899554739774968,
    "min_pl": -0.9899578739774969,
    "max_pl": 0.9973584558787008
  },
  "multi_seed_confidence": {
    "n_batches": 4,
    "paths_per_batch": 500,
    "ev_mean": -0.20431172183745103,
    "ev_std": 0.0375839974391091,
    "ev_5th_percentile": -0.2566400151209983,
    "pop_mean": 0.401,
    "cvar_mean": -0.9885747268401572,
    "cvar_worst": -1.0086389907946651
  },
  "distribution_percentiles": {
    "p1": -0.9899554739774968,
    "p5": -0.9866397682986436,
    "p10": -0.9864750980396847,
    "p25": -0.9864750980396847,
    "p50": -0.9864750980396847,
    "p75": 0.9607248359808374,
    "p90": 0.9719442417828968,
    "p95": 0.977985596785515,
    "p99": 0.9930088012555518
  },
  "sensitivity": {
    "wide_spread_slippage_ev": -0.25550391353703195,
    "wide_spread_slippage_pop": 0.39,
    "wide_spread_slippage_cvar95": -1.0082725915482476,
    "ev_delta_real_to_stress": -0.05119219169958092
  },
  "friction_hurdle": {
    "ev_mid": -0.164439629644261,
    "ev_real": -0.20431172183745103,
    "ev_stress": -0.25550391353703195,
    "delta_ev_real": -0.03987209219319002,
    "delta_ev_stress": -0.09106428389277094,
    "ev_mid_R": -0.16610770414256934,
    "ev_real_R": -0.2063842585710827,
    "ev_stress_R": -0.2580957435193246
  },
  "breakevens": [
    682.0132597759862
  ],
  "edge_attribution": {
    "iv_rich_vs_rv": 0.029164193902913638,
    "mean_reversion_regime_probability": 0.36666666666666664,
    "structure_expected_move_match": 0.02549738096895382,
    "explainable": true
  },
  "gates": {
    "regime": "mean_revert|vol_contracting",
    "ev_threshold_R": 0.05,
    "cvar_threshold_R": -1.0,
    "ev_gate": false,
    "ev_ci_gate": false,
    "cvar_gate": true,
    "cvar_worst_gate": false,
    "pop_or_pot": false,
    "slippage_sensitivity_ok": true,
    "stress_ev_not_catastrophic": true,
    "allow_trade": false
  }
}