{
  "assumptions": {
    "model": "jump",
    "spot": 689.81,
    "r": 0.03,
    "q": 0.0,
    "expiry_years": 0.005479452054794521,
    "n_paths": 5000,
    "n_batches": 5,
    "paths_per_batch": 800,
    "dt": 0.0006849315068493151,
    "seed": 42,
    "strategy": "put_debit_spread",
    "legs": [
      {
        "side": "long",
        "option_type": "put",
        "strike": 690,
        "qty": 1,
        "expiry_years": null
      },
      {
        "side": "short",
        "option_type": "put",
        "strike": 688,
        "qty": 1,
        "expiry_years": null
      }
    ],
    "snapshot_file": "experiments/chain_snapshot_with_returns.json",
    "event_risk_high": false
  },
  "randomness_policy": {
    "comparison_mode": "paired",
    "base_seed": 42,
    "sensitivity_seed": 42,
    "crn_scope": "same_model_same_structure_friction_only",
    "cross_model_or_cross_structure": "unpaired_independent_seeds_required"
  },
  "calibration": {
    "iv_atm": 0.4322705098312481,
    "skew": -0.43916933137193687,
    "curv": 67.67670905079058,
    "term": -0.463687439258477,
    "rv10": 0.09009772472154888,
    "rv20": 0.09656992285385756,
    "jump": {
      "mu": 0.03,
      "sigma": 0.11258390648756153,
      "jump_lambda": 58.400000000000006,
      "jump_mu": -0.006,
      "jump_sigma": 0.01
    }
  },
  "regime_distribution": {
    "mean_revert|vol_contracting": 1.0,
    "dominant": "mean_revert|vol_contracting"
  },
  "stress": {
    "spread_bps": 30.0,
    "slippage_bps": 8.0,
    "partial_fill_prob": 0.1
  },
  "metrics": {
    "ev": -0.10931027448749245,
    "pop": 0.44875,
    "pot": 0.4475,
    "profit_factor": 0.7952517527960206,
    "avg_win": 0.9461085466712255,
    "avg_loss": -0.9684834191495779,
    "expectancy": -0.10931027448749248,
    "var95": -0.97505293689071,
    "cvar95": -0.9762104688001688,
    "tail_p1": -0.975654623343209,
    "min_pl": -0.9802642287379969,
    "max_pl": 1.0107597692205594
  },
  "multi_seed_confidence": {
    "n_batches": 5,
    "paths_per_batch": 800,
    "ev_mean": -0.14116196634071604,
    "ev_std": 0.019224448145001256,
    "ev_5th_percentile": -0.16221640963410908,
    "pop_mean": 0.4327500000000001,
    "cvar_mean": -0.976370197913359,
    "cvar_worst": -1.0064810937668447
  },
  "distribution_percentiles": {
    "p1": -0.975654623343209,
    "p5": -0.97505293689071,
    "p10": -0.9750465368907101,
    "p25": -0.9704369314959221,
    "p50": -0.9704369314959221,
    "p75": 0.9450029925388357,
    "p90": 0.9622341284864702,
    "p95": 0.9710252879628961,
    "p99": 1.0041180517171435
  },
  "sensitivity": {
    "wide_spread_slippage_ev": -0.22741784491126932,
    "wide_spread_slippage_pop": 0.4154999999999999,
    "wide_spread_slippage_cvar95": -1.0060190518923364,
    "ev_delta_real_to_stress": -0.08625587857055328
  },
  "friction_hurdle": {
    "ev_mid": -0.048869497077788135,
    "ev_real": -0.14116196634071604,
    "ev_stress": -0.22741784491126932,
    "delta_ev_real": -0.0922924692629279,
    "delta_ev_stress": -0.17854834783348117,
    "ev_mid_R": -0.04985339222334296,
    "ev_real_R": -0.14400399627195365,
    "ev_stress_R": -0.2319964742608731
  },
  "breakevens": [
    689.0315165808504
  ],
  "edge_attribution": {
    "iv_rich_vs_rv": 0.3357005869773905,
    "mean_reversion_regime_probability": 1.0,
    "structure_expected_move_match": 0.035269207987190465,
    "explainable": true
  },
  "gates": {
    "regime": "mean_revert|vol_contracting",
    "ev_threshold_R": 0.05,
    "cvar_threshold_R": -1.0,
    "ev_gate": false,
    "ev_ci_gate": false,
    "cvar_gate": true,
    "cvar_worst_gate": false,
    "pop_or_pot": false,
    "slippage_sensitivity_ok": true,
    "stress_ev_not_catastrophic": true,
    "allow_trade": false
  }
}