{
  "assumptions": {
    "model": "gbm",
    "spot": 689.81,
    "r": 0.03,
    "q": 0.0,
    "expiry_years": 0.005479452054794521,
    "n_paths": 5000,
    "n_batches": 5,
    "paths_per_batch": 800,
    "dt": 0.0006849315068493151,
    "seed": 42,
    "strategy": "iron_fly",
    "legs": [
      {
        "side": "short",
        "option_type": "call",
        "strike": 690,
        "qty": 1,
        "expiry_years": null
      },
      {
        "side": "short",
        "option_type": "put",
        "strike": 690,
        "qty": 1,
        "expiry_years": null
      },
      {
        "side": "long",
        "option_type": "call",
        "strike": 697,
        "qty": 1,
        "expiry_years": null
      },
      {
        "side": "long",
        "option_type": "put",
        "strike": 683,
        "qty": 1,
        "expiry_years": null
      }
    ],
    "snapshot_file": "experiments/chain_snapshot_with_returns.json",
    "event_risk_high": false
  },
  "randomness_policy": {
    "comparison_mode": "paired",
    "base_seed": 42,
    "sensitivity_seed": 42,
    "crn_scope": "same_model_same_structure_friction_only",
    "cross_model_or_cross_structure": "unpaired_independent_seeds_required"
  },
  "calibration": {
    "iv_atm": 0.4322705098312481,
    "skew": -0.43916933137193687,
    "curv": 67.67670905079058,
    "term": -0.463687439258477,
    "rv10": 0.09009772472154888,
    "rv20": 0.09656992285385756,
    "jump": {
      "mu": 0.03,
      "sigma": 0.11258390648756153,
      "jump_lambda": 58.400000000000006,
      "jump_mu": -0.006,
      "jump_sigma": 0.01
    }
  },
  "regime_distribution": {
    "mean_revert|vol_contracting": 1.0,
    "dominant": "mean_revert|vol_contracting"
  },
  "stress": {
    "spread_bps": 30.0,
    "slippage_bps": 8.0,
    "partial_fill_prob": 0.1
  },
  "metrics": {
    "ev": -0.38106653303441185,
    "pop": 0.2275,
    "pot": 0.0,
    "profit_factor": 0.6277848029685335,
    "avg_win": 2.825114832740705,
    "avg_loss": -1.325281757259446,
    "expectancy": -0.3810665330344115,
    "var95": -1.4597940442572273,
    "cvar95": -1.4968111776333342,
    "tail_p1": -1.511991686398777,
    "min_pl": -1.558338385730651,
    "max_pl": 5.480531720071644
  },
  "multi_seed_confidence": {
    "n_batches": 5,
    "paths_per_batch": 800,
    "ev_mean": -0.4329815158490759,
    "ev_std": 0.0333059182824891,
    "ev_5th_percentile": -0.4689417030565292,
    "pop_mean": 0.21200000000000002,
    "cvar_mean": -1.4945927549525666,
    "cvar_worst": -1.7134563278153092
  },
  "distribution_percentiles": {
    "p1": -1.511991686398777,
    "p5": -1.4597940442572273,
    "p10": -1.425821007112121,
    "p25": -1.3753404993496858,
    "p50": -1.3293002561981377,
    "p75": -0.6379893404025099,
    "p90": 3.0838362645060897,
    "p95": 4.553476580361527,
    "p99": 5.385113167907332
  },
  "sensitivity": {
    "wide_spread_slippage_ev": -0.5284476556403578,
    "wide_spread_slippage_pop": 0.20975000000000002,
    "wide_spread_slippage_cvar95": -1.7028300030151944,
    "ev_delta_real_to_stress": -0.09546613979128188
  },
  "friction_hurdle": {
    "ev_mid": -0.3332053739211049,
    "ev_real": -0.4329815158490759,
    "ev_stress": -0.5284476556403578,
    "delta_ev_real": -0.09977614192797102,
    "delta_ev_stress": -0.1952422817192529,
    "ev_mid_R": -0.21382093707771718,
    "ev_real_R": -0.2778482002457161,
    "ev_stress_R": -0.3391096956086254
  },
  "breakevens": [
    688.6747182427406,
    691.3252817572594
  ],
  "edge_attribution": {
    "iv_rich_vs_rv": 0.3357005869773905,
    "mean_reversion_regime_probability": 1.0,
    "structure_expected_move_match": 0.051433964341315086,
    "explainable": true
  },
  "gates": {
    "regime": "mean_revert|vol_contracting",
    "ev_threshold_R": 0.05,
    "cvar_threshold_R": -1.0,
    "ev_gate": false,
    "ev_ci_gate": false,
    "cvar_gate": true,
    "cvar_worst_gate": false,
    "pop_or_pot": false,
    "slippage_sensitivity_ok": true,
    "stress_ev_not_catastrophic": true,
    "allow_trade": false
  }
}