{
  "assumptions": {
    "model": "jump",
    "spot": 685.97,
    "r": 0.03,
    "q": 0.0,
    "expiry_years": 0.019178082191780823,
    "n_paths": 5000,
    "n_batches": 10,
    "paths_per_batch": 500,
    "dt": 0.0006849315068493151,
    "seed": 3019,
    "strategy": "put_diagonal",
    "legs": [
      {
        "side": "short",
        "option_type": "put",
        "strike": 686,
        "qty": 1,
        "expiry_years": 0.0076712328767123295
      },
      {
        "side": "long",
        "option_type": "put",
        "strike": 683,
        "qty": 1,
        "expiry_years": 0.019178082191780823
      }
    ],
    "snapshot_file": null,
    "event_risk_high": false
  },
  "randomness_policy": {
    "comparison_mode": "paired",
    "base_seed": 3019,
    "sensitivity_seed": 3019,
    "crn_scope": "same_model_same_structure_friction_only",
    "cross_model_or_cross_structure": "unpaired_independent_seeds_required"
  },
  "calibration": {
    "iv_atm": 0.25,
    "skew": -0.25,
    "curv": 0.1,
    "term": 0.0,
    "rv10": null,
    "rv20": null,
    "jump": {
      "mu": 0.03,
      "sigma": 0.25,
      "jump_lambda": 0.25,
      "jump_mu": -0.06,
      "jump_sigma": 0.2
    }
  },
  "regime_distribution": {
    "mean_revert|vol_expanding": 0.21,
    "trend|vol_contracting": 0.19666666666666666,
    "trend|vol_expanding": 0.14666666666666667,
    "mean_revert|vol_contracting": 0.44666666666666666,
    "dominant": "mean_revert|vol_contracting"
  },
  "stress": {
    "spread_bps": 30.0,
    "slippage_bps": 8.0,
    "partial_fill_prob": 0.1
  },
  "metrics": {
    "ev": 0.27072270213626926,
    "pop": 0.636,
    "pot": 1.0,
    "profit_factor": 1.5298006405534255,
    "avg_win": 1.2291076447853333,
    "avg_loss": -1.4038180218329748,
    "expectancy": 0.27072270213626926,
    "var95": -1.6828722293561589,
    "cvar95": -1.692015055428544,
    "tail_p1": -1.6966751135625988,
    "min_pl": -1.717786112878164,
    "max_pl": 1.3502804380126627
  },
  "multi_seed_confidence": {
    "n_batches": 10,
    "paths_per_batch": 500,
    "n_total_paths": 5000,
    "ev_mean": 0.22276259739366755,
    "ev_std": 0.07267571067887264,
    "ev_5th_percentile": 0.08987642927396997,
    "pop_mean": 0.6184000000000001,
    "cvar_mean": -1.6916567691868316,
    "cvar_worst": -1.754660002851204
  },
  "distribution_percentiles": {
    "p1": -1.6966751135625988,
    "p5": -1.6828722293561589,
    "p10": -1.6758631033945872,
    "p25": -1.6142936270369281,
    "p50": 1.3427772744831703,
    "p75": 1.3502804380126627,
    "p90": 1.3502804380126627,
    "p95": 1.3502804380126627,
    "p99": 1.3502804380126627
  },
  "sensitivity": {
    "wide_spread_slippage_ev": 0.1885844210001772,
    "wide_spread_slippage_pop": 0.6156,
    "wide_spread_slippage_cvar95": -1.7491684271738641,
    "ev_delta_real_to_stress": -0.034178176393490356
  },
  "friction_hurdle": {
    "ev_mid": 0.25659420186567566,
    "ev_real": 0.22276259739366755,
    "ev_stress": 0.1885844210001772,
    "delta_ev_real": -0.033831604472008114,
    "delta_ev_stress": -0.06800978086549847,
    "ev_mid_R": 0.14937494251583516,
    "ev_real_R": 0.12968005488205228,
    "ev_stress_R": 0.10978341225742158
  },
  "breakevens": [],
  "edge_attribution": {
    "iv_rich_vs_rv": null,
    "mean_reversion_regime_probability": 0.44666666666666666,
    "structure_expected_move_match": 0.0,
    "signals_present": 2,
    "signals_pass": 1,
    "thresholds": {
      "regime_prob_min": 0.2,
      "structure_match_min": 0.05,
      "min_signals_pass": 2
    },
    "explainable": false
  },
  "gates": {
    "regime": "mean_revert|vol_contracting",
    "ev_threshold_R": 0.05,
    "cvar_threshold_R": -1.0,
    "ev_gate": true,
    "ev_ci_gate": true,
    "cvar_gate": true,
    "cvar_worst_gate": false,
    "pop_or_pot": true,
    "slippage_sensitivity_ok": true,
    "stress_ev_not_catastrophic": true,
    "allow_trade": false
  }
}