{
  "generated_at": "2026-03-05T19:30:15.890804+00:00",
  "config_hash": "8e9828f3ef591c8753fb7365a27a4164d5f76c78a93712c65a187b61cfddd1b6",
  "n_batches": 10,
  "paths_per_batch": 500,
  "n_total_paths": 5000,
  "base_seed": 3019,
  "crn_scope": "same_model_same_structure_friction_only",
  "assumptions": {
    "model": "jump",
    "spot": 677.385,
    "r": 0.03,
    "q": 0.0,
    "expiry_years": 0.019178082191780823,
    "n_paths": 5000,
    "n_batches": 10,
    "paths_per_batch": 500,
    "dt": 0.0006849315068493151,
    "seed": 3019,
    "strategy": "put_diagonal",
    "legs": [
      {
        "side": "short",
        "option_type": "put",
        "strike": 677,
        "qty": 1,
        "expiry_years": 0.0076712328767123295
      },
      {
        "side": "long",
        "option_type": "put",
        "strike": 674,
        "qty": 1,
        "expiry_years": 0.019178082191780823
      }
    ],
    "snapshot_file": null,
    "event_risk_high": false
  },
  "randomness_policy": {
    "comparison_mode": "paired",
    "base_seed": 3019,
    "sensitivity_seed": 3019,
    "crn_scope": "same_model_same_structure_friction_only",
    "cross_model_or_cross_structure": "unpaired_independent_seeds_required"
  },
  "calibration": {
    "iv_atm": 0.25,
    "skew": -0.25,
    "curv": 0.1,
    "term": 0.0,
    "rv10": null,
    "rv20": null,
    "jump": {
      "mu": 0.03,
      "sigma": 0.25,
      "jump_lambda": 0.25,
      "jump_mu": -0.06,
      "jump_sigma": 0.2
    }
  },
  "regime_distribution": {
    "mean_revert|vol_expanding": 0.21,
    "trend|vol_contracting": 0.19666666666666666,
    "trend|vol_expanding": 0.14666666666666667,
    "mean_revert|vol_contracting": 0.44666666666666666,
    "dominant": "mean_revert|vol_contracting"
  },
  "stress": {
    "spread_bps": 30.0,
    "slippage_bps": 8.0,
    "partial_fill_prob": 0.1
  },
  "metrics": {
    "ev": 0.3479267495860229,
    "pop": 0.662,
    "pot": 1.0,
    "profit_factor": 1.7460081191600811,
    "avg_win": 1.2300776712970898,
    "avg_loss": -1.3798362982622798,
    "expectancy": 0.34792674958602293,
    "var95": -1.7010405245942348,
    "cvar95": -1.7099873380660815,
    "tail_p1": -1.7144729746231904,
    "min_pl": -1.7353892438772505,
    "max_pl": 1.3297660801756632
  },
  "multi_seed_confidence": {
    "n_batches": 10,
    "paths_per_batch": 500,
    "n_total_paths": 5000,
    "ev_mean": 0.3107802776087324,
    "ev_std": 0.0685500848348837,
    "ev_5th_percentile": 0.1877844138629201,
    "pop_mean": 0.6517999999999999,
    "cvar_mean": -1.70963190289349,
    "cvar_worst": -1.7695459973209244
  },
  "distribution_percentiles": {
    "p1": -1.7144729746231904,
    "p5": -1.7010405245942348,
    "p10": -1.6948599491996295,
    "p25": -1.254780452905647,
    "p50": 1.3240231291082236,
    "p75": 1.3297660801756632,
    "p90": 1.3297660801756632,
    "p95": 1.3297660801756632,
    "p99": 1.3297660801756632
  },
  "sensitivity": {
    "wide_spread_slippage_ev": 0.27825001026867957,
    "wide_spread_slippage_pop": 0.6504,
    "wide_spread_slippage_cvar95": -1.764106634324396,
    "ev_delta_real_to_stress": -0.03253026734005282
  },
  "friction_hurdle": {
    "ev_mid": 0.34266275558030945,
    "ev_real": 0.3107802776087324,
    "ev_stress": 0.27825001026867957,
    "delta_ev_real": -0.03188247797157706,
    "delta_ev_stress": -0.06441274531162988,
    "ev_mid_R": 0.19745584847277473,
    "ev_real_R": 0.1790839021880643,
    "ev_stress_R": 0.1603386740181738
  },
  "breakevens": [],
  "edge_attribution": {
    "iv_rich_vs_rv": null,
    "mean_reversion_regime_probability": 0.44666666666666666,
    "structure_expected_move_match": 0.0,
    "signals_present": 2,
    "signals_pass": 1,
    "thresholds": {
      "regime_prob_min": 0.2,
      "structure_match_min": 0.05,
      "min_signals_pass": 2
    },
    "explainable": false
  },
  "gates": {
    "regime": "mean_revert|vol_contracting",
    "ev_threshold_R": 0.05,
    "cvar_threshold_R": -1.0,
    "ev_gate": true,
    "ev_ci_gate": true,
    "cvar_gate": true,
    "cvar_worst_gate": false,
    "pop_or_pot": true,
    "slippage_sensitivity_ok": true,
    "stress_ev_not_catastrophic": true,
    "allow_trade": false
  }
}