{
  "generated_at": "2026-03-05T15:30:42.872495+00:00",
  "config_hash": "9b26aa9d680888c5c613302208746b6da56bb9a569640b37046856bf66b9635b",
  "n_batches": 10,
  "paths_per_batch": 500,
  "n_total_paths": 5000,
  "base_seed": 3019,
  "crn_scope": "same_model_same_structure_friction_only",
  "assumptions": {
    "model": "jump",
    "spot": 684.165,
    "r": 0.03,
    "q": 0.0,
    "expiry_years": 0.019178082191780823,
    "n_paths": 5000,
    "n_batches": 10,
    "paths_per_batch": 500,
    "dt": 0.0006849315068493151,
    "seed": 3019,
    "strategy": "put_diagonal",
    "legs": [
      {
        "side": "short",
        "option_type": "put",
        "strike": 684,
        "qty": 1,
        "expiry_years": 0.0076712328767123295
      },
      {
        "side": "long",
        "option_type": "put",
        "strike": 681,
        "qty": 1,
        "expiry_years": 0.019178082191780823
      }
    ],
    "snapshot_file": null,
    "event_risk_high": false
  },
  "randomness_policy": {
    "comparison_mode": "paired",
    "base_seed": 3019,
    "sensitivity_seed": 3019,
    "crn_scope": "same_model_same_structure_friction_only",
    "cross_model_or_cross_structure": "unpaired_independent_seeds_required"
  },
  "calibration": {
    "iv_atm": 0.25,
    "skew": -0.25,
    "curv": 0.1,
    "term": 0.0,
    "rv10": null,
    "rv20": null,
    "jump": {
      "mu": 0.03,
      "sigma": 0.25,
      "jump_lambda": 0.25,
      "jump_mu": -0.06,
      "jump_sigma": 0.2
    }
  },
  "regime_distribution": {
    "mean_revert|vol_expanding": 0.21,
    "trend|vol_contracting": 0.19666666666666666,
    "trend|vol_expanding": 0.14666666666666667,
    "mean_revert|vol_contracting": 0.44666666666666666,
    "dominant": "mean_revert|vol_contracting"
  },
  "stress": {
    "spread_bps": 30.0,
    "slippage_bps": 8.0,
    "partial_fill_prob": 0.1
  },
  "metrics": {
    "ev": 0.3062569179164466,
    "pop": 0.646,
    "pot": 1.0,
    "profit_factor": 1.623492705099425,
    "avg_win": 1.2344467327429474,
    "avg_loss": -1.3875583938855858,
    "expectancy": 0.3062569179164466,
    "var95": -1.6913252915569923,
    "cvar95": -1.7003991258693614,
    "tail_p1": -1.7050346595793933,
    "min_pl": -1.726086796317035,
    "max_pl": 1.340838483224363
  },
  "multi_seed_confidence": {
    "n_batches": 10,
    "paths_per_batch": 500,
    "n_total_paths": 5000,
    "ev_mean": 0.26304932798369735,
    "ev_std": 0.07081412540666408,
    "ev_5th_percentile": 0.13438313944979918,
    "pop_mean": 0.6308,
    "cvar_mean": -1.7000407365333061,
    "cvar_worst": -1.7618278013711253
  },
  "distribution_percentiles": {
    "p1": -1.7050346595793933,
    "p5": -1.6913252915569923,
    "p10": -1.6846519878122799,
    "p25": -1.4933612038181818,
    "p50": 1.3349626640747316,
    "p75": 1.340838483224363,
    "p90": 1.340838483224363,
    "p95": 1.340838483224363,
    "p99": 1.340838483224363
  },
  "sensitivity": {
    "wide_spread_slippage_ev": 0.22952904272896807,
    "wide_spread_slippage_pop": 0.6275999999999999,
    "wide_spread_slippage_cvar95": -1.756343110615894,
    "ev_delta_real_to_stress": -0.033520285254729276
  },
  "friction_hurdle": {
    "ev_mid": 0.2961156266503618,
    "ev_real": 0.26304932798369735,
    "ev_stress": 0.22952904272896807,
    "delta_ev_real": -0.03306629866666444,
    "delta_ev_stress": -0.06658658392139372,
    "ev_mid_R": 0.1715531497501667,
    "ev_real_R": 0.1523963502559476,
    "ev_stress_R": 0.13297653583743066
  },
  "breakevens": [],
  "edge_attribution": {
    "iv_rich_vs_rv": null,
    "mean_reversion_regime_probability": 0.44666666666666666,
    "structure_expected_move_match": 0.0,
    "signals_present": 2,
    "signals_pass": 1,
    "thresholds": {
      "regime_prob_min": 0.2,
      "structure_match_min": 0.05,
      "min_signals_pass": 2
    },
    "explainable": false
  },
  "gates": {
    "regime": "mean_revert|vol_contracting",
    "ev_threshold_R": 0.05,
    "cvar_threshold_R": -1.0,
    "ev_gate": true,
    "ev_ci_gate": true,
    "cvar_gate": true,
    "cvar_worst_gate": false,
    "pop_or_pot": true,
    "slippage_sensitivity_ok": true,
    "stress_ev_not_catastrophic": true,
    "allow_trade": false
  }
}