{
  "assumptions": {
    "model": "jump",
    "spot": 690.0,
    "r": 0.03,
    "q": 0.0,
    "expiry_years": 0.0136986301369863,
    "n_paths": 5000,
    "n_batches": 10,
    "paths_per_batch": 700,
    "dt": 0.0006849315068493151,
    "seed": 42,
    "strategy": "iron_fly",
    "legs": [
      {
        "side": "short",
        "option_type": "call",
        "strike": 690,
        "qty": 1,
        "expiry_years": null
      },
      {
        "side": "short",
        "option_type": "put",
        "strike": 690,
        "qty": 1,
        "expiry_years": null
      },
      {
        "side": "long",
        "option_type": "call",
        "strike": 697,
        "qty": 1,
        "expiry_years": null
      },
      {
        "side": "long",
        "option_type": "put",
        "strike": 683,
        "qty": 1,
        "expiry_years": null
      }
    ],
    "snapshot_file": null,
    "event_risk_high": false
  },
  "randomness_policy": {
    "comparison_mode": "paired",
    "base_seed": 42,
    "sensitivity_seed": 42,
    "crn_scope": "same_model_same_structure_friction_only",
    "cross_model_or_cross_structure": "unpaired_independent_seeds_required"
  },
  "calibration": {
    "iv_atm": 0.25,
    "skew": -0.25,
    "curv": 0.1,
    "term": 0.0,
    "rv10": null,
    "rv20": null,
    "jump": {
      "mu": 0.03,
      "sigma": 0.25,
      "jump_lambda": 0.25,
      "jump_mu": -0.06,
      "jump_sigma": 0.2
    }
  },
  "regime_distribution": {
    "mean_revert|vol_contracting": 1.0,
    "dominant": "mean_revert|vol_contracting"
  },
  "stress": {
    "spread_bps": 30.0,
    "slippage_bps": 8.0,
    "partial_fill_prob": 0.1
  },
  "metrics": {
    "ev": -0.05108511791197671,
    "pop": 0.25285714285714284,
    "pot": 0.008571428571428572,
    "profit_factor": 0.9366492518114004,
    "avg_win": 2.9870632308827796,
    "avg_loss": -1.0792921116723435,
    "expectancy": -0.051085117911976674,
    "var95": -1.168732358230872,
    "cvar95": -1.2359223787330187,
    "tail_p1": -1.2179485669364252,
    "min_pl": -2.397103858378691,
    "max_pl": 5.8079340845180765
  },
  "multi_seed_confidence": {
    "n_batches": 10,
    "paths_per_batch": 700,
    "ev_mean": -0.10947930804096158,
    "ev_std": 0.03875217170799342,
    "ev_5th_percentile": -0.1696034783366982,
    "pop_mean": 0.23728571428571427,
    "cvar_mean": -1.2331429211201645,
    "cvar_worst": -1.4861596790395892
  },
  "distribution_percentiles": {
    "p1": -1.2179485669364252,
    "p5": -1.168732358230872,
    "p10": -1.1433120569460429,
    "p25": -1.1038831112018963,
    "p50": -1.0648741830637123,
    "p75": 0.021529707902551598,
    "p90": 3.7262163603390794,
    "p95": 4.889395116830065,
    "p99": 5.723044952263701
  },
  "sensitivity": {
    "wide_spread_slippage_ev": -0.20132621199190423,
    "wide_spread_slippage_pop": 0.23500000000000001,
    "wide_spread_slippage_cvar95": -1.443330133456483,
    "ev_delta_real_to_stress": -0.09184690395094265
  },
  "friction_hurdle": {
    "ev_mid": -0.0145199369517757,
    "ev_real": -0.10947930804096158,
    "ev_stress": -0.20132621199190423,
    "delta_ev_real": -0.09495937108918588,
    "delta_ev_stress": -0.18680627504012853,
    "ev_mid_R": -0.006057283209078987,
    "ev_real_R": -0.04567149131160682,
    "ev_stress_R": -0.08398727125994179
  },
  "breakevens": [
    688.9207078883277,
    691.0792921116723
  ],
  "edge_attribution": {
    "iv_rich_vs_rv": null,
    "mean_reversion_regime_probability": 1.0,
    "structure_expected_move_match": 0.05345783098214463,
    "explainable": false
  },
  "gates": {
    "regime": "mean_revert|vol_contracting",
    "ev_threshold_R": 0.05,
    "cvar_threshold_R": -1.0,
    "ev_gate": false,
    "ev_ci_gate": false,
    "cvar_gate": true,
    "cvar_worst_gate": true,
    "pop_or_pot": false,
    "slippage_sensitivity_ok": true,
    "stress_ev_not_catastrophic": true,
    "allow_trade": false
  }
}