{
  "generated_at": "2026-03-06T15:12:59.206278+00:00",
  "config_hash": "f86b110ca46e5d10c2e81423171c1cabda867473d83a3ea326347442f62cf610",
  "n_batches": 10,
  "paths_per_batch": 500,
  "n_total_paths": 5000,
  "base_seed": 3019,
  "crn_scope": "same_model_same_structure_friction_only",
  "assumptions": {
    "model": "jump",
    "spot": 670.22,
    "r": 0.03,
    "q": 0.0,
    "expiry_years": 0.019178082191780823,
    "n_paths": 5000,
    "n_batches": 10,
    "paths_per_batch": 500,
    "dt": 0.0006849315068493151,
    "seed": 3019,
    "strategy": "put_diagonal",
    "legs": [
      {
        "side": "short",
        "option_type": "put",
        "strike": 670,
        "qty": 1,
        "expiry_years": 0.0076712328767123295
      },
      {
        "side": "long",
        "option_type": "put",
        "strike": 667,
        "qty": 1,
        "expiry_years": 0.019178082191780823
      }
    ],
    "snapshot_file": null,
    "event_risk_high": false
  },
  "randomness_policy": {
    "comparison_mode": "paired",
    "base_seed": 3019,
    "sensitivity_seed": 3019,
    "crn_scope": "same_model_same_structure_friction_only",
    "cross_model_or_cross_structure": "unpaired_independent_seeds_required"
  },
  "calibration": {
    "iv_atm": 0.25,
    "skew": -0.25,
    "curv": 0.1,
    "term": 0.0,
    "rv10": null,
    "rv20": null,
    "jump": {
      "mu": 0.03,
      "sigma": 0.25,
      "jump_lambda": 0.25,
      "jump_mu": -0.06,
      "jump_sigma": 0.2
    }
  },
  "regime_distribution": {
    "mean_revert|vol_expanding": 0.21,
    "trend|vol_contracting": 0.19666666666666666,
    "trend|vol_expanding": 0.14666666666666667,
    "mean_revert|vol_contracting": 0.44666666666666666,
    "dominant": "mean_revert|vol_contracting"
  },
  "stress": {
    "spread_bps": 30.0,
    "slippage_bps": 8.0,
    "partial_fill_prob": 0.1
  },
  "metrics": {
    "ev": 0.3226662976816909,
    "pop": 0.654,
    "pot": 1.0,
    "profit_factor": 1.6720642287315572,
    "avg_win": 1.2274901993233576,
    "avg_loss": -1.3876077822999562,
    "expectancy": 0.3226662976816911,
    "var95": -1.693924847353504,
    "cvar95": -1.7028032294311137,
    "tail_p1": -1.707297430334138,
    "min_pl": -1.7279597876489126,
    "max_pl": 1.3372759869880766
  },
  "multi_seed_confidence": {
    "n_batches": 10,
    "paths_per_batch": 500,
    "n_total_paths": 5000,
    "ev_mean": 0.28178716164173484,
    "ev_std": 0.0698434495737241,
    "ev_5th_percentile": 0.15538950232162196,
    "pop_mean": 0.6402,
    "cvar_mean": -1.7024560551300407,
    "cvar_worst": -1.762506676488639
  },
  "distribution_percentiles": {
    "p1": -1.707297430334138,
    "p5": -1.693924847353504,
    "p10": -1.6876687408010485,
    "p25": -1.3810147434064741,
    "p50": 1.3315442390771972,
    "p75": 1.3372759869880766,
    "p90": 1.3372759869880766,
    "p95": 1.3372759869880766,
    "p99": 1.3372759869880766
  },
  "sensitivity": {
    "wide_spread_slippage_ev": 0.2491998577758042,
    "wide_spread_slippage_pop": 0.6372,
    "wide_spread_slippage_cvar95": -1.75712731176279,
    "ev_delta_real_to_stress": -0.032587303865930645
  },
  "friction_hurdle": {
    "ev_mid": 0.31367977584826845,
    "ev_real": 0.28178716164173484,
    "ev_stress": 0.2491998577758042,
    "delta_ev_real": -0.03189261420653361,
    "delta_ev_stress": -0.06447991807246425,
    "ev_mid_R": 0.1815318724951729,
    "ev_real_R": 0.16307506902411115,
    "ev_stress_R": 0.14421623671860395
  },
  "breakevens": [],
  "edge_attribution": {
    "iv_rich_vs_rv": null,
    "mean_reversion_regime_probability": 0.44666666666666666,
    "structure_expected_move_match": 0.0,
    "signals_present": 2,
    "signals_pass": 1,
    "thresholds": {
      "regime_prob_min": 0.2,
      "structure_match_min": 0.05,
      "min_signals_pass": 2
    },
    "explainable": false
  },
  "gates": {
    "regime": "mean_revert|vol_contracting",
    "ev_threshold_R": 0.05,
    "cvar_threshold_R": -1.0,
    "ev_gate": true,
    "ev_ci_gate": true,
    "cvar_gate": true,
    "cvar_worst_gate": false,
    "pop_or_pot": true,
    "slippage_sensitivity_ok": true,
    "stress_ev_not_catastrophic": true,
    "allow_trade": false
  }
}