{
  "generated_at": "2026-03-06T21:42:58.259108+00:00",
  "config_hash": "0540f86d19ef97f698f3c2661d2c329120797f82cd64802d701d5d4ae1e90644",
  "n_batches": 10,
  "paths_per_batch": 500,
  "n_total_paths": 5000,
  "base_seed": 3019,
  "crn_scope": "same_model_same_structure_friction_only",
  "assumptions": {
    "model": "jump",
    "spot": 671.705,
    "r": 0.03,
    "q": 0.0,
    "expiry_years": 0.019178082191780823,
    "n_paths": 5000,
    "n_batches": 10,
    "paths_per_batch": 500,
    "dt": 0.0006849315068493151,
    "seed": 3019,
    "strategy": "put_diagonal",
    "legs": [
      {
        "side": "short",
        "option_type": "put",
        "strike": 672,
        "qty": 1,
        "expiry_years": 0.0076712328767123295
      },
      {
        "side": "long",
        "option_type": "put",
        "strike": 669,
        "qty": 1,
        "expiry_years": 0.019178082191780823
      }
    ],
    "snapshot_file": null,
    "event_risk_high": false
  },
  "randomness_policy": {
    "comparison_mode": "paired",
    "base_seed": 3019,
    "sensitivity_seed": 3019,
    "crn_scope": "same_model_same_structure_friction_only",
    "cross_model_or_cross_structure": "unpaired_independent_seeds_required"
  },
  "calibration": {
    "iv_atm": 0.25,
    "skew": -0.25,
    "curv": 0.1,
    "term": 0.0,
    "rv10": null,
    "rv20": null,
    "jump": {
      "mu": 0.03,
      "sigma": 0.25,
      "jump_lambda": 0.25,
      "jump_mu": -0.06,
      "jump_sigma": 0.2
    }
  },
  "regime_distribution": {
    "mean_revert|vol_expanding": 0.21,
    "trend|vol_contracting": 0.19666666666666666,
    "trend|vol_expanding": 0.14666666666666667,
    "mean_revert|vol_contracting": 0.44666666666666666,
    "dominant": "mean_revert|vol_contracting"
  },
  "stress": {
    "spread_bps": 30.0,
    "slippage_bps": 8.0,
    "partial_fill_prob": 0.1
  },
  "metrics": {
    "ev": 0.22771132151980647,
    "pop": 0.614,
    "pot": 1.0,
    "profit_factor": 1.427790750653198,
    "avg_win": 1.237797001919652,
    "avg_loss": -1.379005278908963,
    "expectancy": 0.22771132151980655,
    "var95": -1.6710605509900962,
    "cvar95": -1.6800646276722355,
    "tail_p1": -1.6846341517204342,
    "min_pl": -1.7053315111672136,
    "max_pl": 1.3625848846833786
  },
  "multi_seed_confidence": {
    "n_batches": 10,
    "paths_per_batch": 500,
    "n_total_paths": 5000,
    "ev_mean": 0.17487575882430179,
    "ev_std": 0.07465925591721587,
    "ev_5th_percentile": 0.038329805790906266,
    "pop_mean": 0.5955999999999999,
    "cvar_mean": -1.6797265087797406,
    "cvar_worst": -1.7426585205201988
  },
  "distribution_percentiles": {
    "p1": -1.6846341517204342,
    "p5": -1.6710605509900962,
    "p10": -1.6639963026297526,
    "p25": -1.64961386824326,
    "p50": 1.3233504895706636,
    "p75": 1.3625848846833786,
    "p90": 1.3625848846833786,
    "p95": 1.3625848846833786,
    "p99": 1.3625848846833786
  },
  "sensitivity": {
    "wide_spread_slippage_ev": 0.1407219108285657,
    "wide_spread_slippage_pop": 0.5927999999999999,
    "wide_spread_slippage_cvar95": -1.7372857239236097,
    "ev_delta_real_to_stress": -0.03415384799573609
  },
  "friction_hurdle": {
    "ev_mid": 0.2085629595258296,
    "ev_real": 0.17487575882430179,
    "ev_stress": 0.1407219108285657,
    "delta_ev_real": -0.03368720070152781,
    "delta_ev_stress": -0.0678410486972639,
    "ev_mid_R": 0.12230053696895493,
    "ev_real_R": 0.10254648886691135,
    "ev_stress_R": 0.0825188005423348
  },
  "breakevens": [],
  "edge_attribution": {
    "iv_rich_vs_rv": null,
    "mean_reversion_regime_probability": 0.44666666666666666,
    "structure_expected_move_match": 0.0,
    "signals_present": 2,
    "signals_pass": 1,
    "thresholds": {
      "regime_prob_min": 0.2,
      "structure_match_min": 0.05,
      "min_signals_pass": 2
    },
    "explainable": false
  },
  "gates": {
    "regime": "mean_revert|vol_contracting",
    "ev_threshold_R": 0.05,
    "cvar_threshold_R": -1.0,
    "ev_gate": true,
    "ev_ci_gate": true,
    "cvar_gate": true,
    "cvar_worst_gate": false,
    "pop_or_pot": true,
    "slippage_sensitivity_ok": true,
    "stress_ev_not_catastrophic": true,
    "allow_trade": false
  }
}