{
  "generated_at": "2026-03-08T23:43:02.303939+00:00",
  "config_hash": "6d338f8a0957e880305d7c5ca2b1f695ca8a573cba24ab3344e06486977160ee",
  "n_batches": 10,
  "paths_per_batch": 500,
  "n_total_paths": 5000,
  "base_seed": 3019,
  "crn_scope": "same_model_same_structure_friction_only",
  "assumptions": {
    "model": "jump",
    "spot": 671.39,
    "r": 0.03,
    "q": 0.0,
    "expiry_years": 0.019178082191780823,
    "n_paths": 5000,
    "n_batches": 10,
    "paths_per_batch": 500,
    "dt": 0.0006849315068493151,
    "seed": 3019,
    "strategy": "put_diagonal",
    "legs": [
      {
        "side": "short",
        "option_type": "put",
        "strike": 671,
        "qty": 1,
        "expiry_years": 0.0076712328767123295
      },
      {
        "side": "long",
        "option_type": "put",
        "strike": 668,
        "qty": 1,
        "expiry_years": 0.019178082191780823
      }
    ],
    "snapshot_file": null,
    "event_risk_high": false
  },
  "randomness_policy": {
    "comparison_mode": "paired",
    "base_seed": 3019,
    "sensitivity_seed": 3019,
    "crn_scope": "same_model_same_structure_friction_only",
    "cross_model_or_cross_structure": "unpaired_independent_seeds_required"
  },
  "calibration": {
    "iv_atm": 0.25,
    "skew": -0.25,
    "curv": 0.1,
    "term": 0.0,
    "rv10": null,
    "rv20": null,
    "jump": {
      "mu": 0.03,
      "sigma": 0.25,
      "jump_lambda": 0.25,
      "jump_mu": -0.06,
      "jump_sigma": 0.2
    }
  },
  "regime_distribution": {
    "mean_revert|vol_expanding": 0.21,
    "trend|vol_contracting": 0.19666666666666666,
    "trend|vol_expanding": 0.14666666666666667,
    "mean_revert|vol_contracting": 0.44666666666666666,
    "dominant": "mean_revert|vol_contracting"
  },
  "stress": {
    "spread_bps": 30.0,
    "slippage_bps": 8.0,
    "partial_fill_prob": 0.1
  },
  "metrics": {
    "ev": 0.3518687898929467,
    "pop": 0.664,
    "pot": 1.0,
    "profit_factor": 1.7592918559558928,
    "avg_win": 1.2278401161888446,
    "avg_loss": -1.379217402548947,
    "expectancy": 0.35186878989294673,
    "var95": -1.701433884935343,
    "cvar95": -1.7102999048277683,
    "tail_p1": -1.7147252096426622,
    "min_pl": -1.7354760303834107,
    "max_pl": 1.3290445141714264
  },
  "multi_seed_confidence": {
    "n_batches": 10,
    "paths_per_batch": 500,
    "n_total_paths": 5000,
    "ev_mean": 0.3153373812681856,
    "ev_std": 0.06827462729502637,
    "ev_5th_percentile": 0.19298880849506236,
    "pop_mean": 0.6534,
    "cvar_mean": -1.70995179639019,
    "cvar_worst": -1.7692166204695168
  },
  "distribution_percentiles": {
    "p1": -1.7147252096426622,
    "p5": -1.701433884935343,
    "p10": -1.6954046969325824,
    "p25": -1.2242127647120329,
    "p50": 1.323354969861938,
    "p75": 1.3290445141714264,
    "p90": 1.3290445141714264,
    "p95": 1.3290445141714264,
    "p99": 1.3290445141714264
  },
  "sensitivity": {
    "wide_spread_slippage_ev": 0.28315416788391656,
    "wide_spread_slippage_pop": 0.6514,
    "wide_spread_slippage_cvar95": -1.7638231385615561,
    "ev_delta_real_to_stress": -0.03218321338426905
  },
  "friction_hurdle": {
    "ev_mid": 0.3467771323068719,
    "ev_real": 0.3153373812681856,
    "ev_stress": 0.28315416788391656,
    "delta_ev_real": -0.03143975103868629,
    "delta_ev_stress": -0.06362296442295534,
    "ev_mid_R": 0.19981672246447565,
    "ev_real_R": 0.18170079894363023,
    "ev_stress_R": 0.1631564844035101
  },
  "breakevens": [],
  "edge_attribution": {
    "iv_rich_vs_rv": null,
    "mean_reversion_regime_probability": 0.44666666666666666,
    "structure_expected_move_match": 0.0,
    "signals_present": 2,
    "signals_pass": 1,
    "thresholds": {
      "regime_prob_min": 0.2,
      "structure_match_min": 0.05,
      "min_signals_pass": 2
    },
    "explainable": false
  },
  "gates": {
    "regime": "mean_revert|vol_contracting",
    "ev_threshold_R": 0.05,
    "cvar_threshold_R": -1.0,
    "ev_gate": true,
    "ev_ci_gate": true,
    "cvar_gate": true,
    "cvar_worst_gate": false,
    "pop_or_pot": true,
    "slippage_sensitivity_ok": true,
    "stress_ev_not_catastrophic": true,
    "allow_trade": false
  }
}