{
  "generated_at": "2026-03-06T16:13:00.049270+00:00",
  "config_hash": "aba1247b65f2527c191d6f2a2cb937ace46c848952baec7da25aa9ab259ef8d4",
  "n_batches": 10,
  "paths_per_batch": 500,
  "n_total_paths": 5000,
  "base_seed": 3019,
  "crn_scope": "same_model_same_structure_friction_only",
  "assumptions": {
    "model": "jump",
    "spot": 674.5,
    "r": 0.03,
    "q": 0.0,
    "expiry_years": 0.019178082191780823,
    "n_paths": 5000,
    "n_batches": 10,
    "paths_per_batch": 500,
    "dt": 0.0006849315068493151,
    "seed": 3019,
    "strategy": "put_diagonal",
    "legs": [
      {
        "side": "short",
        "option_type": "put",
        "strike": 674,
        "qty": 1,
        "expiry_years": 0.0076712328767123295
      },
      {
        "side": "long",
        "option_type": "put",
        "strike": 671,
        "qty": 1,
        "expiry_years": 0.019178082191780823
      }
    ],
    "snapshot_file": null,
    "event_risk_high": false
  },
  "randomness_policy": {
    "comparison_mode": "paired",
    "base_seed": 3019,
    "sensitivity_seed": 3019,
    "crn_scope": "same_model_same_structure_friction_only",
    "cross_model_or_cross_structure": "unpaired_independent_seeds_required"
  },
  "calibration": {
    "iv_atm": 0.25,
    "skew": -0.25,
    "curv": 0.1,
    "term": 0.0,
    "rv10": null,
    "rv20": null,
    "jump": {
      "mu": 0.03,
      "sigma": 0.25,
      "jump_lambda": 0.25,
      "jump_mu": -0.06,
      "jump_sigma": 0.2
    }
  },
  "regime_distribution": {
    "mean_revert|vol_expanding": 0.21,
    "trend|vol_contracting": 0.19666666666666666,
    "trend|vol_expanding": 0.14666666666666667,
    "mean_revert|vol_contracting": 0.44666666666666666,
    "dominant": "mean_revert|vol_contracting"
  },
  "stress": {
    "spread_bps": 30.0,
    "slippage_bps": 8.0,
    "partial_fill_prob": 0.1
  },
  "metrics": {
    "ev": 0.36892856535985286,
    "pop": 0.678,
    "pot": 1.0,
    "profit_factor": 1.8125758017026417,
    "avg_win": 1.2137937081101584,
    "avg_loss": -1.410011083039859,
    "expectancy": 0.368928565359853,
    "var95": -1.7061845012891805,
    "cvar95": -1.715073932990518,
    "tail_p1": -1.7194773891521709,
    "min_pl": -1.7403511975443005,
    "max_pl": 1.3239462280435776
  },
  "multi_seed_confidence": {
    "n_batches": 10,
    "paths_per_batch": 500,
    "n_total_paths": 5000,
    "ev_mean": 0.33515889872851695,
    "ev_std": 0.06732067190300335,
    "ev_5th_percentile": 0.2154646404451523,
    "pop_mean": 0.6614,
    "cvar_mean": -1.714726019967134,
    "cvar_worst": -1.7737240051455836
  },
  "distribution_percentiles": {
    "p1": -1.7194773891521709,
    "p5": -1.7061845012891805,
    "p10": -1.7002435234946458,
    "p25": -1.1328409258730907,
    "p50": 1.3182634673072608,
    "p75": 1.3239462280435776,
    "p90": 1.3239462280435776,
    "p95": 1.3239462280435776,
    "p99": 1.3239462280435776
  },
  "sensitivity": {
    "wide_spread_slippage_ev": 0.30310194242461874,
    "wide_spread_slippage_pop": 0.6592,
    "wide_spread_slippage_cvar95": -1.7683035329709298,
    "ev_delta_real_to_stress": -0.03205695630389821
  },
  "friction_hurdle": {
    "ev_mid": 0.36647800678885334,
    "ev_real": 0.33515889872851695,
    "ev_stress": 0.30310194242461874,
    "delta_ev_real": -0.03131910806033639,
    "delta_ev_stress": -0.0633760643642346,
    "ev_mid_R": 0.21057704175224362,
    "ev_real_R": 0.19258118660270324,
    "ev_stress_R": 0.1741613663106083
  },
  "breakevens": [],
  "edge_attribution": {
    "iv_rich_vs_rv": null,
    "mean_reversion_regime_probability": 0.44666666666666666,
    "structure_expected_move_match": 0.0,
    "signals_present": 2,
    "signals_pass": 1,
    "thresholds": {
      "regime_prob_min": 0.2,
      "structure_match_min": 0.05,
      "min_signals_pass": 2
    },
    "explainable": false
  },
  "gates": {
    "regime": "mean_revert|vol_contracting",
    "ev_threshold_R": 0.05,
    "cvar_threshold_R": -1.0,
    "ev_gate": true,
    "ev_ci_gate": true,
    "cvar_gate": true,
    "cvar_worst_gate": false,
    "pop_or_pot": true,
    "slippage_sensitivity_ok": true,
    "stress_ev_not_catastrophic": true,
    "allow_trade": false
  }
}