{
  "generated_at": "2026-03-06T15:12:07.823072+00:00",
  "config_hash": "b6f2d36c544a8dc4c9cd5b1c09f4f55876b7da2fc895083c9fe2a818de6c83ad",
  "n_batches": 10,
  "paths_per_batch": 500,
  "n_total_paths": 5000,
  "base_seed": 3019,
  "crn_scope": "same_model_same_structure_friction_only",
  "assumptions": {
    "model": "jump",
    "spot": 670.875,
    "r": 0.03,
    "q": 0.0,
    "expiry_years": 0.019178082191780823,
    "n_paths": 5000,
    "n_batches": 10,
    "paths_per_batch": 500,
    "dt": 0.0006849315068493151,
    "seed": 3019,
    "strategy": "put_diagonal",
    "legs": [
      {
        "side": "short",
        "option_type": "put",
        "strike": 671,
        "qty": 1,
        "expiry_years": 0.0076712328767123295
      },
      {
        "side": "long",
        "option_type": "put",
        "strike": 668,
        "qty": 1,
        "expiry_years": 0.019178082191780823
      }
    ],
    "snapshot_file": null,
    "event_risk_high": false
  },
  "randomness_policy": {
    "comparison_mode": "paired",
    "base_seed": 3019,
    "sensitivity_seed": 3019,
    "crn_scope": "same_model_same_structure_friction_only",
    "cross_model_or_cross_structure": "unpaired_independent_seeds_required"
  },
  "calibration": {
    "iv_atm": 0.25,
    "skew": -0.25,
    "curv": 0.1,
    "term": 0.0,
    "rv10": null,
    "rv20": null,
    "jump": {
      "mu": 0.03,
      "sigma": 0.25,
      "jump_lambda": 0.25,
      "jump_mu": -0.06,
      "jump_sigma": 0.2
    }
  },
  "regime_distribution": {
    "mean_revert|vol_expanding": 0.21,
    "trend|vol_contracting": 0.19666666666666666,
    "trend|vol_expanding": 0.14666666666666667,
    "mean_revert|vol_contracting": 0.44666666666666666,
    "dominant": "mean_revert|vol_contracting"
  },
  "stress": {
    "spread_bps": 30.0,
    "slippage_bps": 8.0,
    "partial_fill_prob": 0.1
  },
  "metrics": {
    "ev": 0.2597232233460411,
    "pop": 0.634,
    "pot": 1.0,
    "profit_factor": 1.5042353663388404,
    "avg_win": 1.2220923296239472,
    "avg_loss": -1.407331458020605,
    "expectancy": 0.25972322334604103,
    "var95": -1.6785983495014576,
    "cvar95": -1.6875525554732635,
    "tail_p1": -1.6921058928718355,
    "min_pl": -1.7127737878354168,
    "max_pl": 1.3542228308658744
  },
  "multi_seed_confidence": {
    "n_batches": 10,
    "paths_per_batch": 500,
    "n_total_paths": 5000,
    "ev_mean": 0.21057283089052636,
    "ev_std": 0.07320248895580929,
    "ev_5th_percentile": 0.07659365789172046,
    "pop_mean": 0.6126,
    "cvar_mean": -1.6872094883193476,
    "cvar_worst": -1.749159256072545
  },
  "distribution_percentiles": {
    "p1": -1.6921058928718355,
    "p5": -1.6785983495014576,
    "p10": -1.6718090221568862,
    "p25": -1.6230505875877774,
    "p50": 1.3441145440086806,
    "p75": 1.3542228308658744,
    "p90": 1.3542228308658744,
    "p95": 1.3542228308658744,
    "p99": 1.3542228308658744
  },
  "sensitivity": {
    "wide_spread_slippage_ev": 0.17696556287348603,
    "wide_spread_slippage_pop": 0.6087999999999999,
    "wide_spread_slippage_cvar95": -1.743786677637377,
    "ev_delta_real_to_stress": -0.03360726801704034
  },
  "friction_hurdle": {
    "ev_mid": 0.24363218151457805,
    "ev_real": 0.21057283089052636,
    "ev_stress": 0.17696556287348603,
    "delta_ev_real": -0.03305935062405169,
    "delta_ev_stress": -0.06666661864109202,
    "ev_mid_R": 0.14224422585452895,
    "ev_real_R": 0.12294258143490497,
    "ev_stress_R": 0.10332103639741767
  },
  "breakevens": [],
  "edge_attribution": {
    "iv_rich_vs_rv": null,
    "mean_reversion_regime_probability": 0.44666666666666666,
    "structure_expected_move_match": 0.0,
    "signals_present": 2,
    "signals_pass": 1,
    "thresholds": {
      "regime_prob_min": 0.2,
      "structure_match_min": 0.05,
      "min_signals_pass": 2
    },
    "explainable": false
  },
  "gates": {
    "regime": "mean_revert|vol_contracting",
    "ev_threshold_R": 0.05,
    "cvar_threshold_R": -1.0,
    "ev_gate": true,
    "ev_ci_gate": true,
    "cvar_gate": true,
    "cvar_worst_gate": false,
    "pop_or_pot": true,
    "slippage_sensitivity_ok": true,
    "stress_ev_not_catastrophic": true,
    "allow_trade": false
  }
}