{
  "assumptions": {
    "model": "gbm",
    "spot": 682.92,
    "r": 0.03,
    "q": 0.0,
    "expiry_years": 0.07123287671232877,
    "n_paths": 5000,
    "n_batches": 4,
    "paths_per_batch": 500,
    "dt": 0.00209508460918614,
    "seed": 21,
    "strategy": "put_diagonal",
    "legs": [
      {
        "side": "short",
        "option_type": "put",
        "strike": 683,
        "qty": 1,
        "expiry_years": 0.02849315068493151
      },
      {
        "side": "long",
        "option_type": "put",
        "strike": 680,
        "qty": 1,
        "expiry_years": 0.07123287671232877
      }
    ],
    "snapshot_file": "snapshots/spy_mc_snapshot_20260224.json",
    "event_risk_high": false
  },
  "randomness_policy": {
    "comparison_mode": "paired",
    "base_seed": 21,
    "sensitivity_seed": 21,
    "crn_scope": "same_model_same_structure_friction_only",
    "cross_model_or_cross_structure": "unpaired_independent_seeds_required"
  },
  "calibration": {
    "iv_atm": 0.19510896967482647,
    "skew": 0.011309538277646799,
    "curv": 6.447950056132601,
    "term": 0.052073584954025,
    "rv10": 0.1466850051739489,
    "rv20": 0.16594477577191283,
    "jump": {
      "mu": 0.03,
      "sigma": 0.14538502650882348,
      "jump_lambda": 23.86538461538462,
      "jump_mu": -0.005711059482233119,
      "jump_sigma": 0.017595225531969357
    }
  },
  "regime_distribution": {
    "mean_revert|vol_contracting": 0.37333333333333335,
    "trend|vol_contracting": 0.21,
    "trend|vol_expanding": 0.17666666666666667,
    "mean_revert|vol_expanding": 0.24,
    "dominant": "mean_revert|vol_contracting"
  },
  "stress": {
    "spread_bps": 10.0,
    "slippage_bps": 3.0,
    "partial_fill_prob": 0.03
  },
  "metrics": {
    "ev": -0.20777571185396837,
    "pop": 0.548,
    "pot": 1.0,
    "profit_factor": 0.722466992987073,
    "avg_win": 0.9870009932254606,
    "avg_loss": -1.6563103011980547,
    "expectancy": -0.20777571185396815,
    "var95": -1.9738923912703223,
    "cvar95": -1.9772009219656999,
    "tail_p1": -1.980516910804613,
    "min_pl": -1.987930810202478,
    "max_pl": 1.0474471667724434
  },
  "multi_seed_confidence": {
    "n_batches": 4,
    "paths_per_batch": 500,
    "ev_mean": -0.1618318304930435,
    "ev_std": 0.037846357747816646,
    "ev_5th_percentile": -0.2030757184991073,
    "pop_mean": 0.571,
    "cvar_mean": -1.976197963649761,
    "cvar_worst": -2.0066978639144804
  },
  "distribution_percentiles": {
    "p1": -1.980516910804613,
    "p5": -1.9738923912703223,
    "p10": -1.971870415526134,
    "p25": -1.9692298276248463,
    "p50": 0.703364408114419,
    "p75": 1.0474471667724434,
    "p90": 1.0474471667724434,
    "p95": 1.0474471667724434,
    "p99": 1.0474471667724434
  },
  "sensitivity": {
    "wide_spread_slippage_ev": -0.17926246703992288,
    "wide_spread_slippage_pop": 0.5695,
    "wide_spread_slippage_cvar95": -2.0045012559271016,
    "ev_delta_real_to_stress": -0.017430636546879374
  },
  "friction_hurdle": {
    "ev_mid": -0.14866751337980721,
    "ev_real": -0.1618318304930435,
    "ev_stress": -0.17926246703992288,
    "delta_ev_real": -0.01316431711323629,
    "delta_ev_stress": -0.030594953660115665,
    "ev_mid_R": -0.07478505419646114,
    "ev_real_R": -0.08140717456688563,
    "ev_stress_R": -0.09017540556236177
  },
  "breakevens": [],
  "edge_attribution": {
    "iv_rich_vs_rv": 0.029164193902913638,
    "mean_reversion_regime_probability": 0.37333333333333335,
    "structure_expected_move_match": 0.0,
    "explainable": false
  },
  "gates": {
    "regime": "mean_revert|vol_contracting",
    "ev_threshold_R": 0.05,
    "cvar_threshold_R": -1.0,
    "ev_gate": false,
    "ev_ci_gate": false,
    "cvar_gate": true,
    "cvar_worst_gate": false,
    "pop_or_pot": true,
    "slippage_sensitivity_ok": true,
    "stress_ev_not_catastrophic": true,
    "allow_trade": false
  }
}