{
  "generated_at": "2026-03-05T22:43:01.504912+00:00",
  "config_hash": "ba6755a050b950154bd8717fe438da93bf127c114c8db9d7980cdd4e4d5f91c4",
  "n_batches": 10,
  "paths_per_batch": 500,
  "n_total_paths": 5000,
  "base_seed": 3019,
  "crn_scope": "same_model_same_structure_friction_only",
  "assumptions": {
    "model": "jump",
    "spot": 680.24,
    "r": 0.03,
    "q": 0.0,
    "expiry_years": 0.019178082191780823,
    "n_paths": 5000,
    "n_batches": 10,
    "paths_per_batch": 500,
    "dt": 0.0006849315068493151,
    "seed": 3019,
    "strategy": "put_diagonal",
    "legs": [
      {
        "side": "short",
        "option_type": "put",
        "strike": 680,
        "qty": 1,
        "expiry_years": 0.0076712328767123295
      },
      {
        "side": "long",
        "option_type": "put",
        "strike": 677,
        "qty": 1,
        "expiry_years": 0.019178082191780823
      }
    ],
    "snapshot_file": null,
    "event_risk_high": false
  },
  "randomness_policy": {
    "comparison_mode": "paired",
    "base_seed": 3019,
    "sensitivity_seed": 3019,
    "crn_scope": "same_model_same_structure_friction_only",
    "cross_model_or_cross_structure": "unpaired_independent_seeds_required"
  },
  "calibration": {
    "iv_atm": 0.25,
    "skew": -0.25,
    "curv": 0.1,
    "term": 0.0,
    "rv10": null,
    "rv20": null,
    "jump": {
      "mu": 0.03,
      "sigma": 0.25,
      "jump_lambda": 0.25,
      "jump_mu": -0.06,
      "jump_sigma": 0.2
    }
  },
  "regime_distribution": {
    "mean_revert|vol_expanding": 0.21,
    "trend|vol_contracting": 0.19666666666666666,
    "trend|vol_expanding": 0.14666666666666667,
    "mean_revert|vol_contracting": 0.44666666666666666,
    "dominant": "mean_revert|vol_contracting"
  },
  "stress": {
    "spread_bps": 30.0,
    "slippage_bps": 8.0,
    "partial_fill_prob": 0.1
  },
  "metrics": {
    "ev": 0.32134432655814643,
    "pop": 0.652,
    "pot": 1.0,
    "profit_factor": 1.6666945186213447,
    "avg_win": 1.2321176067246877,
    "avg_loss": -1.3850469914550294,
    "expectancy": 0.3213443265581462,
    "var95": -1.6946368440971287,
    "cvar95": -1.7036456067603436,
    "tail_p1": -1.7082272586335672,
    "min_pl": -1.729175459643125,
    "max_pl": 1.3369821088045861
  },
  "multi_seed_confidence": {
    "n_batches": 10,
    "paths_per_batch": 500,
    "n_total_paths": 5000,
    "ev_mean": 0.2802377989437915,
    "ev_std": 0.07000062414820113,
    "ev_5th_percentile": 0.15354610396166582,
    "pop_mean": 0.6394000000000001,
    "cvar_mean": -1.7032885929688681,
    "cvar_worst": -1.7642709321583363
  },
  "distribution_percentiles": {
    "p1": -1.7082272586335672,
    "p5": -1.6946368440971287,
    "p10": -1.6881702451887215,
    "p25": -1.405221070658746,
    "p50": 1.3311698272798105,
    "p75": 1.3369821088045861,
    "p90": 1.3369821088045861,
    "p95": 1.3369821088045861,
    "p99": 1.3369821088045861
  },
  "sensitivity": {
    "wide_spread_slippage_ev": 0.24714722256757957,
    "wide_spread_slippage_pop": 0.6368,
    "wide_spread_slippage_cvar95": -1.7588140073039438,
    "ev_delta_real_to_stress": -0.03309057637621196
  },
  "friction_hurdle": {
    "ev_mid": 0.3127827377944718,
    "ev_real": 0.2802377989437915,
    "ev_stress": 0.24714722256757957,
    "delta_ev_real": -0.03254493885068027,
    "delta_ev_stress": -0.06563551522689223,
    "ev_mid_R": 0.18088548276010424,
    "ev_real_R": 0.16206440901123376,
    "ev_stress_R": 0.1429277874545981
  },
  "breakevens": [],
  "edge_attribution": {
    "iv_rich_vs_rv": null,
    "mean_reversion_regime_probability": 0.44666666666666666,
    "structure_expected_move_match": 0.0,
    "signals_present": 2,
    "signals_pass": 1,
    "thresholds": {
      "regime_prob_min": 0.2,
      "structure_match_min": 0.05,
      "min_signals_pass": 2
    },
    "explainable": false
  },
  "gates": {
    "regime": "mean_revert|vol_contracting",
    "ev_threshold_R": 0.05,
    "cvar_threshold_R": -1.0,
    "ev_gate": true,
    "ev_ci_gate": true,
    "cvar_gate": true,
    "cvar_worst_gate": false,
    "pop_or_pot": true,
    "slippage_sensitivity_ok": true,
    "stress_ev_not_catastrophic": true,
    "allow_trade": false
  }
}