{
  "assumptions": {
    "model": "jump",
    "spot": 690.0,
    "r": 0.03,
    "q": 0.0,
    "expiry_years": 0.0136986301369863,
    "n_paths": 5000,
    "n_batches": 10,
    "paths_per_batch": 700,
    "dt": 0.0006849315068493151,
    "seed": 1004,
    "strategy": "iron_fly",
    "legs": [
      {
        "side": "short",
        "option_type": "call",
        "strike": 690,
        "qty": 1,
        "expiry_years": null
      },
      {
        "side": "short",
        "option_type": "put",
        "strike": 690,
        "qty": 1,
        "expiry_years": null
      },
      {
        "side": "long",
        "option_type": "call",
        "strike": 697,
        "qty": 1,
        "expiry_years": null
      },
      {
        "side": "long",
        "option_type": "put",
        "strike": 683,
        "qty": 1,
        "expiry_years": null
      }
    ],
    "snapshot_file": null,
    "event_risk_high": false
  },
  "randomness_policy": {
    "comparison_mode": "paired",
    "base_seed": 1004,
    "sensitivity_seed": 1004,
    "crn_scope": "same_model_same_structure_friction_only",
    "cross_model_or_cross_structure": "unpaired_independent_seeds_required"
  },
  "calibration": {
    "iv_atm": 0.25,
    "skew": -0.25,
    "curv": 0.1,
    "term": 0.0,
    "rv10": null,
    "rv20": null,
    "jump": {
      "mu": 0.03,
      "sigma": 0.25,
      "jump_lambda": 0.25,
      "jump_mu": -0.06,
      "jump_sigma": 0.2
    }
  },
  "regime_distribution": {
    "mean_revert|vol_contracting": 1.0,
    "dominant": "mean_revert|vol_contracting"
  },
  "stress": {
    "spread_bps": 30.0,
    "slippage_bps": 8.0,
    "partial_fill_prob": 0.1
  },
  "metrics": {
    "ev": -0.04897814686813705,
    "pop": 0.24571428571428572,
    "pot": 0.0014285714285714286,
    "profit_factor": 0.9390789817498111,
    "avg_win": 3.0726062457970813,
    "avg_loss": -1.065857911145443,
    "expectancy": -0.04897814686813684,
    "var95": -1.1887397236930304,
    "cvar95": -1.272855282347251,
    "tail_p1": -1.2623206863129444,
    "min_pl": -2.4130990742230187,
    "max_pl": 5.838869383534675
  },
  "multi_seed_confidence": {
    "n_batches": 10,
    "paths_per_batch": 700,
    "ev_mean": -0.0974487195541767,
    "ev_std": 0.05753314804379117,
    "ev_5th_percentile": -0.17340104792676497,
    "pop_mean": 0.2354285714285714,
    "cvar_mean": -1.2502660713445053,
    "cvar_worst": -1.5602613195161055
  },
  "distribution_percentiles": {
    "p1": -1.2623206863129444,
    "p5": -1.1887397236930304,
    "p10": -1.1519682946280878,
    "p25": -1.1064834355676725,
    "p50": -1.0635225273194684,
    "p75": -0.1370695634658019,
    "p90": 3.7065000888663984,
    "p95": 4.844066504765768,
    "p99": 5.6326574779974985
  },
  "sensitivity": {
    "wide_spread_slippage_ev": -0.1902637500174788,
    "wide_spread_slippage_pop": 0.23399999999999999,
    "wide_spread_slippage_cvar95": -1.4711965073131865,
    "ev_delta_real_to_stress": -0.09281503046330211
  },
  "friction_hurdle": {
    "ev_mid": -0.0010919703924072918,
    "ev_real": -0.0974487195541767,
    "ev_stress": -0.1902637500174788,
    "delta_ev_real": -0.0963567491617694,
    "delta_ev_stress": -0.1891717796250715,
    "ev_mid_R": -0.00045251784482114137,
    "ev_real_R": -0.04038322362937116,
    "ev_stress_R": -0.07884622394906883
  },
  "breakevens": [
    688.9341420888545,
    691.0658579111455
  ],
  "edge_attribution": {
    "iv_rich_vs_rv": null,
    "mean_reversion_regime_probability": 1.0,
    "structure_expected_move_match": 0.05279242889741076,
    "explainable": false
  },
  "gates": {
    "regime": "mean_revert|vol_contracting",
    "ev_threshold_R": 0.05,
    "cvar_threshold_R": -1.0,
    "ev_gate": false,
    "ev_ci_gate": false,
    "cvar_gate": true,
    "cvar_worst_gate": true,
    "pop_or_pot": false,
    "slippage_sensitivity_ok": true,
    "stress_ev_not_catastrophic": true,
    "allow_trade": false
  }
}