{
  "generated_at": "2026-03-06T19:42:07.127656+00:00",
  "config_hash": "c3ad091b9676f6cdf9381e309641245b2d2055b5026dc5fd18f9599b2a6d60c5",
  "n_batches": 10,
  "paths_per_batch": 500,
  "n_total_paths": 5000,
  "base_seed": 3019,
  "crn_scope": "same_model_same_structure_friction_only",
  "assumptions": {
    "model": "jump",
    "spot": 674.135,
    "r": 0.03,
    "q": 0.0,
    "expiry_years": 0.019178082191780823,
    "n_paths": 5000,
    "n_batches": 10,
    "paths_per_batch": 500,
    "dt": 0.0006849315068493151,
    "seed": 3019,
    "strategy": "put_diagonal",
    "legs": [
      {
        "side": "short",
        "option_type": "put",
        "strike": 674,
        "qty": 1,
        "expiry_years": 0.0076712328767123295
      },
      {
        "side": "long",
        "option_type": "put",
        "strike": 671,
        "qty": 1,
        "expiry_years": 0.019178082191780823
      }
    ],
    "snapshot_file": null,
    "event_risk_high": false
  },
  "randomness_policy": {
    "comparison_mode": "paired",
    "base_seed": 3019,
    "sensitivity_seed": 3019,
    "crn_scope": "same_model_same_structure_friction_only",
    "cross_model_or_cross_structure": "unpaired_independent_seeds_required"
  },
  "calibration": {
    "iv_atm": 0.25,
    "skew": -0.25,
    "curv": 0.1,
    "term": 0.0,
    "rv10": null,
    "rv20": null,
    "jump": {
      "mu": 0.03,
      "sigma": 0.25,
      "jump_lambda": 0.25,
      "jump_mu": -0.06,
      "jump_sigma": 0.2
    }
  },
  "regime_distribution": {
    "mean_revert|vol_expanding": 0.21,
    "trend|vol_contracting": 0.19666666666666666,
    "trend|vol_expanding": 0.14666666666666667,
    "mean_revert|vol_contracting": 0.44666666666666666,
    "dominant": "mean_revert|vol_contracting"
  },
  "stress": {
    "spread_bps": 30.0,
    "slippage_bps": 8.0,
    "partial_fill_prob": 0.1
  },
  "metrics": {
    "ev": 0.30559204976258103,
    "pop": 0.646,
    "pot": 1.0,
    "profit_factor": 1.6231165318881386,
    "avg_win": 1.23222484480399,
    "avg_loss": -1.3853819208497082,
    "expectancy": 0.3055920497625809,
    "var95": -1.6901074039779505,
    "cvar95": -1.6990520205968496,
    "tail_p1": -1.7036111838021306,
    "min_pl": -1.7243678351324458,
    "max_pl": 1.3416837431414188
  },
  "multi_seed_confidence": {
    "n_batches": 10,
    "paths_per_batch": 500,
    "n_total_paths": 5000,
    "ev_mean": 0.2623508434885886,
    "ev_std": 0.07077962627987719,
    "ev_5th_percentile": 0.13369586882123108,
    "pop_mean": 0.6294,
    "cvar_mean": -1.698702711196819,
    "cvar_worst": -1.759611560564892
  },
  "distribution_percentiles": {
    "p1": -1.7036111838021306,
    "p5": -1.6901074039779505,
    "p10": -1.6836298326019723,
    "p25": -1.4788534952548078,
    "p50": 1.3358854336636754,
    "p75": 1.3416837431414188,
    "p90": 1.3416837431414188,
    "p95": 1.3416837431414188,
    "p99": 1.3416837431414188
  },
  "sensitivity": {
    "wide_spread_slippage_ev": 0.22930620308680122,
    "wide_spread_slippage_pop": 0.6274,
    "wide_spread_slippage_cvar95": -1.7542048442926883,
    "ev_delta_real_to_stress": -0.033044640401787395
  },
  "friction_hurdle": {
    "ev_mid": 0.294795360978418,
    "ev_real": 0.2623508434885886,
    "ev_stress": 0.22930620308680122,
    "delta_ev_real": -0.032444517489829405,
    "delta_ev_stress": -0.0654891578916168,
    "ev_mid_R": 0.17095851301110315,
    "ev_real_R": 0.15214320178295246,
    "ev_stress_R": 0.1329798656730271
  },
  "breakevens": [],
  "edge_attribution": {
    "iv_rich_vs_rv": null,
    "mean_reversion_regime_probability": 0.44666666666666666,
    "structure_expected_move_match": 0.0,
    "signals_present": 2,
    "signals_pass": 1,
    "thresholds": {
      "regime_prob_min": 0.2,
      "structure_match_min": 0.05,
      "min_signals_pass": 2
    },
    "explainable": false
  },
  "gates": {
    "regime": "mean_revert|vol_contracting",
    "ev_threshold_R": 0.05,
    "cvar_threshold_R": -1.0,
    "ev_gate": true,
    "ev_ci_gate": true,
    "cvar_gate": true,
    "cvar_worst_gate": false,
    "pop_or_pot": true,
    "slippage_sensitivity_ok": true,
    "stress_ev_not_catastrophic": true,
    "allow_trade": false
  }
}