{
  "generated_at": "2026-03-06T23:43:00.439564+00:00",
  "config_hash": "34a5cfc8cdc19cf64cfaea433fbfd5b311e5cca40dc01cb8aa47c32c48468cd8",
  "n_batches": 10,
  "paths_per_batch": 500,
  "n_total_paths": 5000,
  "base_seed": 3019,
  "crn_scope": "same_model_same_structure_friction_only",
  "assumptions": {
    "model": "jump",
    "spot": 671.7,
    "r": 0.03,
    "q": 0.0,
    "expiry_years": 0.019178082191780823,
    "n_paths": 5000,
    "n_batches": 10,
    "paths_per_batch": 500,
    "dt": 0.0006849315068493151,
    "seed": 3019,
    "strategy": "put_diagonal",
    "legs": [
      {
        "side": "short",
        "option_type": "put",
        "strike": 672,
        "qty": 1,
        "expiry_years": 0.0076712328767123295
      },
      {
        "side": "long",
        "option_type": "put",
        "strike": 669,
        "qty": 1,
        "expiry_years": 0.019178082191780823
      }
    ],
    "snapshot_file": null,
    "event_risk_high": false
  },
  "randomness_policy": {
    "comparison_mode": "paired",
    "base_seed": 3019,
    "sensitivity_seed": 3019,
    "crn_scope": "same_model_same_structure_friction_only",
    "cross_model_or_cross_structure": "unpaired_independent_seeds_required"
  },
  "calibration": {
    "iv_atm": 0.25,
    "skew": -0.25,
    "curv": 0.1,
    "term": 0.0,
    "rv10": null,
    "rv20": null,
    "jump": {
      "mu": 0.03,
      "sigma": 0.25,
      "jump_lambda": 0.25,
      "jump_mu": -0.06,
      "jump_sigma": 0.2
    }
  },
  "regime_distribution": {
    "mean_revert|vol_expanding": 0.21,
    "trend|vol_contracting": 0.19666666666666666,
    "trend|vol_expanding": 0.14666666666666667,
    "mean_revert|vol_contracting": 0.44666666666666666,
    "dominant": "mean_revert|vol_contracting"
  },
  "stress": {
    "spread_bps": 30.0,
    "slippage_bps": 8.0,
    "partial_fill_prob": 0.1
  },
  "metrics": {
    "ev": 0.226770773735692,
    "pop": 0.614,
    "pot": 1.0,
    "profit_factor": 1.425605833157391,
    "avg_win": 1.237116510057824,
    "avg_loss": -1.380359490776715,
    "expectancy": 0.226770773735692,
    "var95": -1.6708384519047697,
    "cvar95": -1.6798435869172779,
    "tail_p1": -1.6844133722347006,
    "min_pl": -1.7051107297844066,
    "max_pl": 1.3628297292178364
  },
  "multi_seed_confidence": {
    "n_batches": 10,
    "paths_per_batch": 500,
    "n_total_paths": 5000,
    "ev_mean": 0.17383580128297646,
    "ev_std": 0.07469788582929492,
    "ev_5th_percentile": 0.037230470028249384,
    "pop_mean": 0.595,
    "cvar_mean": -1.6795057081928526,
    "cvar_worst": -1.7424635393979477
  },
  "distribution_percentiles": {
    "p1": -1.6844133722347006,
    "p5": -1.6708384519047697,
    "p10": -1.6637668235508167,
    "p25": -1.649842425464401,
    "p50": 1.3218302664092692,
    "p75": 1.3628297292178364,
    "p90": 1.3628297292178364,
    "p95": 1.3628297292178364,
    "p99": 1.3628297292178364
  },
  "sensitivity": {
    "wide_spread_slippage_ev": 0.13966736245696765,
    "wide_spread_slippage_pop": 0.5925999999999999,
    "wide_spread_slippage_cvar95": -1.7370909754155464,
    "ev_delta_real_to_stress": -0.03416843882600881
  },
  "friction_hurdle": {
    "ev_mid": 0.20753951342812016,
    "ev_real": 0.17383580128297646,
    "ev_stress": 0.13966736245696765,
    "delta_ev_real": -0.0337037121451437,
    "delta_ev_stress": -0.06787215097115251,
    "ev_mid_R": 0.12171615004402755,
    "ev_real_R": 0.10194986064333557,
    "ev_stress_R": 0.08191102197487615
  },
  "breakevens": [],
  "edge_attribution": {
    "iv_rich_vs_rv": null,
    "mean_reversion_regime_probability": 0.44666666666666666,
    "structure_expected_move_match": 0.0,
    "signals_present": 2,
    "signals_pass": 1,
    "thresholds": {
      "regime_prob_min": 0.2,
      "structure_match_min": 0.05,
      "min_signals_pass": 2
    },
    "explainable": false
  },
  "gates": {
    "regime": "mean_revert|vol_contracting",
    "ev_threshold_R": 0.05,
    "cvar_threshold_R": -1.0,
    "ev_gate": true,
    "ev_ci_gate": true,
    "cvar_gate": true,
    "cvar_worst_gate": false,
    "pop_or_pot": true,
    "slippage_sensitivity_ok": true,
    "stress_ev_not_catastrophic": true,
    "allow_trade": false
  }
}