{
  "Regime": 0.25045391912962345,
  "Vol": 0.7495460808703767,
  "Structure": 0.0,
  "Event": 0.0,
  "Execution": 0.0
}